c0,c1,c2,c3,c4,c5,c6,c7,c8,c9,c10,c11,c12,c13,c14,c15,c16,c17,c18,c19,c20,c21,c22,c23,c24,c25,c26,c27,c28,c29,c30,c31,c32,c33,c34,c35,c36,c37,c38,c39,c40,c41,c42,c43,c44,c45,c46,c47,c48,c49,c50,c51,c52,c53,c54,c55,c56,c57,c58,c59,c60,c61,c62,c63,c64,c65,c66,c67,c68,c69,c70,c71,c72,c73,c74,c75,c76,c77,c78,c79,c80,c81,c82,c83,c84,c85,c86,c87,c88,c89,c90,c91,c92,c93,c94,c95,c96,c97,c98,c99,c100,c101,c102,c103,c104,c105,c106,c107,c108,c109,c110,c111,c112,c113,c114,c115,c116,c117,c118,c119,c120,c121,c122,c123,c124,c125,c126,c127,c128,c129,c130,c131,c132,c133,c134,c135,c136,c137,c138,c139,c140,c141,c142,c143,c144,c145,c146,c147,c148,c149,c150,c151,c152,c153,c154,c155,c156,c157,c158,c159,c160,c161,c162,c163,c164,c165,c166,c167,c168,c169,c170,c171,c172,c173,c174,c175,c176,c177,c178,c179,c180,c181,c182,c183,c184,c185,c186,c187,c188,c189,c190,c191,c192,c193,c194,c195,c196,c197,c198,c199,c200,c201,c202,c203,c204,c205,c206,c207,c208,c209,c210,c211,c212,c213,c214,c215,c216,c217,c218,c219,c220,c221,c222,c223,c224,c225,c226,c227,c228,c229,c230,c231,c232,c233,c234,c235,c236,c237,c238,c239,c240,c241,c242,c243,c244,c245,c246,c247,c248,c249,c250,c251,c252,c253,c254,c255,c256,c257,c258,c259,c260,c261,c262,c263,c264,c265,c266,c267,c268,c269,c270,c271,c272,c273,c274,c275,c276,c277,c278,c279,c280,c281,c282,c283,c284,c285,c286,c287,c288,c289,c290,c291,c292,c293,c294,c295,c296,c297,c298,c299,c300,c301,c302,c303,c304,c305,c306,c307,c308,c309,c310,c311,c312,c313,c314,c315,c316,c317,c318,c319,c320,c321,c322,c323,c324,c325,c326,c327,c328,c329,c330,c331,c332,c333,c334,c335,c336,c337,c338,c339,c340,c341,c342,c343,c344,c345,c346,c347,c348,c349,c350,c351,c352,c353,c354,c355,c356,c357,c358,c359,c360,c361,c362,c363,c364,c365,c366,c367,c368,c369,c370,c371,c372,c373,c374,c375,c376,c377,c378,c379,c380,c381,c382,c383,c384,c385,c386,c387,c388,c389,c390,c391,c392,c393,c394,c395,c396,c397,c398,c399,c400,c401,c402,c403,c404,c405,c406,c407,c408,c409,c410,c411,c412,c413,c414,c415,c416,c417,c418,c419,c420,c421,c422,c423,c424,c425,c426,c427,c428,c429,c430,c431,c432,c433,c434,c435,c436,c437,c438,c439,c440,c441,c442,c443,c444,c445,c446,c447,c448,c449,c450,c451,c452,c453,c454,c455,c456,c457,c458,c459,c460,c461,c462,c463,c464,c465,c466,c467,c468,c469,c470,c471,c472,c473,c474,c475,c476,c477,c478,c479,c480,c481,c482,c483,c484,c485,c486,c487,c488,c489,c490,c491,c492,c493,c494,c495,c496,c497,c498,c499,c500,c501,c502,c503,c504,c505,c506,c507,c508,c509,c510,c511,c512,c513,c514,c515,c516,c517,c518,c519,c520,c521,c522,c523,c524,c525,c526,c527,c528,c529,c530,c531,c532,c533,c534,c535,c536,c537,c538,c539,c540,c541,c542,c543,c544,c545,c546,c547,c548,c549,c550,c551,c552,c553,c554,c555,c556,c557,c558,c559,c560,c561,c562,c563,c564,c565,c566,c567,c568,c569,c570,c571,c572,c573,c574,c575,c576,c577,c578,c579,c580,c581,c582,c583,c584,c585,c586,c587,c588,c589,c590,c591,c592,c593,c594,c595,c596,c597,c598,c599,c600,c601,c602,c603,c604,c605,c606,c607,c608,c609,c610,c611,c612,c613,c614,c615,c616,c617,c618,c619,c620,c621,c622,c623,c624,c625,c626,c627,c628,c629,c630,c631,c632,c633,c634,c635,c636,c637,c638,c639,c640,c641,c642,c643,c644,c645,c646,c647,c648,c649,c650,c651,c652,c653,c654,c655,c656,c657,c658,c659,c660,c661,c662,c663,c664,c665,c666,c667,c668,c669,c670,c671,c672,c673,c674,c675,c676,c677,c678,c679,c680,c681,c682,c683,c684,c685,c686,c687,c688,c689,c690,c691,c692,c693,c694,c695,c696,c697,c698,c699,c700,c701,c702,c703,c704,c705,c706,c707,c708,c709,c710,c711,c712,c713,c714,c715,c716,c717,c718,c719,c720,c721,c722,c723,c724,c725,c726,c727,c728,c729,c730,c731,c732,c733,c734,c735,c736,c737,c738,c739,c740,c741,c742,c743,c744,c745,c746,c747,c748,c749,c750,c751,c752,c753,c754,c755,c756,c757,c758,c759,c760,c761,c762,c763,c764,c765,c766,c767,c768,c769,c770,c771,c772,c773,c774,c775,c776,c777,c778,c779,c780,c781,c782,c783
0,0,0,0,0,1,0,0,0,0,41,188,103,54,48,43,87,168,133,16,0,0,0,0,0,0,0,0,0,0,0,1,0,0,0,49,136,219,216,228,236,255,255,255,255,217,215,254,231,160,45,0,0,0,0,0,0,0,0,0,0,14,176,222,224,212,203,198,196,200,215,204,202,201,201,201,209,218,224,164,0,0,0,0,0,0,0,0,0,188,219,200,198,202,198,199,199,201,196,198,198,200,200,200,200,201,200,225,41,0,0,0,0,0,0,0,51,219,199,203,203,212,238,248,250,245,249,246,247,252,248,235,207,203,203,222,140,0,0,0,0,0,0,0,116,226,206,204,207,204,101,75,47,73,48,50,45,51,63,113,222,202,206,220,224,0,0,0,0,0,0,0,200,222,209,203,215,200,0,70,98,0,103,59,68,71,49,0,219,206,214,210,250,38,0,0,0,0,0,0,247,218,212,210,215,214,0,254,243,139,255,174,251,255,205,0,215,217,214,208,220,95,0,0,0,0,0,45,226,214,214,215,224,205,0,42,35,60,16,17,12,13,70,0,189,216,212,206,212,156,0,0,0,0,0,164,235,214,211,220,216,201,52,71,89,94,83,78,70,76,92,87,206,207,222,213,219,208,0,0,0,0,0,106,187,223,237,248,211,198,252,250,248,245,248,252,253,250,252,239,201,212,225,215,193,113,0,0,0,0,0,0,0,17,54,159,222,193,208,192,197,200,200,200,200,201,203,195,210,165,0,0,0,0,0,0,0,0,0,0,0,0,0,47,225,192,214,203,206,204,204,205,206,204,212,197,218,107,0,0,0,0,0,0,0,0,0,0,1,6,0,46,212,195,212,202,206,205,204,205,206,204,212,200,218,91,0,3,1,0,0,0,0,0,0,0,0,1,0,11,197,199,205,202,205,206,204,205,207,204,205,205,218,77,0,5,0,0,0,0,0,0,0,0,0,3,0,2,191,198,201,205,206,205,205,206,209,206,199,209,219,74,0,5,0,0,0,0,0,0,0,0,0,2,0,0,188,197,200,207,207,204,207,207,210,208,198,207,221,72,0,4,0,0,0,0,0,0,0,0,0,2,0,0,215,198,203,206,208,205,207,207,210,208,200,202,222,75,0,4,0,0,0,0,0,0,0,0,0,1,0,0,212,198,209,206,209,206,208,207,211,206,205,198,221,80,0,3,0,0,0,0,0,0,0,0,0,1,0,0,204,201,205,208,207,205,211,205,210,210,209,195,221,96,0,3,0,0,0,0,0,0,0,0,0,1,0,0,202,201,205,209,207,205,213,206,210,209,210,194,217,105,0,2,0,0,0,0,0,0,0,0,0,1,0,0,204,204,205,208,207,205,215,207,210,208,211,193,213,115,0,2,0,0,0,0,0,0,0,0,0,0,0,0,204,207,207,208,206,206,215,210,210,207,212,195,210,118,0,2,0,0,0,0,0,0,0,0,0,1,0,0,198,208,208,208,204,207,212,212,210,207,211,196,207,121,0,1,0,0,0,0,0,0,0,0,0,1,0,0,198,210,207,208,206,209,213,212,211,207,210,197,207,124,0,1,0,0,0,0,0,0,0,0,0,0,0,0,172,210,203,201,199,204,207,205,204,201,205,197,206,127,0,0,0,0,0,0,0,0,0,0,0,0,0,0,188,221,214,234,236,238,244,244,244,240,243,214,224,162,0,2,0,0,0,0,0,0,0,0,0,1,0,0,139,146,130,135,135,137,125,124,125,121,119,114,130,76,0,0,0,0,0,0
0,0,0,0,0,0,0,0,0,22,118,24,0,0,0,0,0,48,88,5,0,0,0,0,0,0,0,0,0,0,0,0,0,0,0,0,12,100,212,205,185,179,173,186,193,221,142,85,0,0,0,0,0,0,0,0,0,0,0,0,0,0,0,0,0,85,76,199,225,248,255,238,226,157,68,80,0,0,0,0,0,0,0,0,0,0,0,0,0,0,0,0,0,91,69,91,201,218,225,209,158,61,93,72,0,0,0,0,0,0,0,0,0,0,0,0,0,0,0,0,0,79,89,61,59,87,108,75,56,76,97,73,0,0,0,0,0,0,0,0,0,0,0,0,0,0,0,0,0,75,89,80,80,67,63,73,83,80,96,72,0,0,0,0,0,0,0,0,0,0,0,0,0,0,0,0,0,77,88,77,80,83,83,83,83,81,95,76,0,0,0,0,0,0,0,0,0,0,0,0,0,0,0,0,0,89,96,80,83,81,84,85,85,85,97,84,0,0,0,0,0,0,0,0,0,0,0,0,0,0,0,0,0,93,97,81,85,84,85,87,88,84,99,87,0,0,0,0,0,0,0,0,0,0,0,0,0,0,0,0,0,95,87,84,87,88,85,87,87,84,92,87,0,0,0,0,0,0,0,0,0,0,0,0,0,0,0,0,0,97,87,87,85,88,87,87,87,88,85,107,0,0,0,0,0,0,0,0,0,0,0,0,0,0,0,0,17,100,88,87,87,88,87,87,85,89,77,118,8,0,0,0,0,0,0,0,0,0,0,0,0,0,0,0,10,93,87,87,87,87,87,88,87,89,80,103,0,0,0,0,0,0,0,0,0,0,0,0,0,0,0,0,9,96,87,87,87,87,87,88,87,88,87,103,0,0,0,0,0,0,0,0,0,0,0,0,0,0,0,0,12,96,85,87,87,87,85,87,87,88,89,100,2,0,0,0,0,0,0,0,0,0,0,0,0,0,0,0,20,95,84,88,85,87,88,88,88,89,88,99,8,0,0,0,0,0,0,0,0,0,0,0,0,0,0,0,21,96,85,87,85,88,88,88,88,89,89,99,10,0,0,0,0,0,0,0,0,0,0,0,0,0,0,0,24,96,85,87,85,87,88,88,89,88,91,102,14,0,0,0,0,0,0,0,0,0,0,0,0,0,0,0,25,93,84,88,87,87,87,87,87,89,91,103,29,0,0,0,0,0,0,0,0,0,0,0,0,0,0,0,30,95,85,88,88,87,87,87,87,89,88,102,37,0,0,0,0,0,0,0,0,0,0,0,0,0,0,0,34,96,88,87,87,87,87,87,87,85,85,97,38,0,0,0,0,0,0,0,0,0,0,0,0,0,0,0,40,96,87,85,87,87,87,87,87,85,84,92,49,0,0,0,0,0,0,0,0,0,0,0,0,0,0,0,46,95,83,84,87,87,87,87,87,87,84,87,84,0,0,0,0,0,0,0,0,0,0,0,0,0,0,0,72,95,85,84,85,88,87,87,89,87,85,83,63,0,0,0,0,0,0,0,0,0,0,0,0,0,0,0,64,100,84,87,88,85,88,88,84,87,83,95,53,0,0,0,0,0,0,0,0,0,0,0,0,0,0,0,10,102,100,91,91,89,85,84,84,87,108,106,14,0,0,0,0,0,0,0,0,0,0,0,0,0,0,0,0,8,73,93,104,107,103,103,106,102,75,10,0,0,0,0,0,0,0,0,0,0,0,0,0,0,0,0,1,0,0,0,18,42,57,56,32,8,0,0,1,0,0,0,0,0,0,0
0,0,0,0,0,0,0,0,33,96,175,156,64,14,54,137,204,194,102,0,0,0,0,0,0,0,0,0,0,0,0,0,0,0,73,186,177,183,175,188,232,255,223,219,194,179,186,213,146,0,0,0,0,0,0,0,0,0,0,0,0,35,163,140,150,152,150,146,175,175,173,171,156,152,148,129,156,140,0,0,0,0,0,0,0,0,0,0,0,150,142,140,152,160,156,146,142,127,135,133,140,140,137,133,125,169,75,0,0,0,0,0,0,0,0,0,0,54,167,146,129,142,137,137,131,148,148,133,131,131,131,125,140,140,0,0,0,0,0,0,0,0,0,0,0,0,110,188,133,146,152,133,125,127,119,129,133,119,140,131,150,14,0,0,0,0,0,0,0,0,0,0,0,0,0,221,158,137,135,123,110,110,114,108,112,117,127,142,77,0,0,0,0,0,0,0,0,0,0,0,0,4,0,25,158,137,125,119,119,110,117,117,110,119,127,144,0,0,0,0,0,0,0,0,0,0,0,0,0,0,0,0,123,156,129,112,110,102,112,100,121,117,129,114,0,0,0,0,0,0,0,0,0,0,0,0,0,0,0,0,125,169,127,119,106,108,104,94,121,114,129,91,0,0,0,0,0,0,0,0,0,0,0,0,0,0,2,0,98,171,129,112,104,114,106,102,112,104,133,64,0,4,0,0,0,0,0,0,0,0,0,0,0,0,2,0,66,173,135,129,98,100,119,102,108,98,135,60,0,4,0,0,0,0,0,0,0,0,0,0,0,0,2,0,56,171,135,127,100,108,117,85,106,110,135,66,0,4,0,0,0,0,0,0,0,0,0,0,0,0,0,0,52,150,129,110,100,91,102,94,83,104,123,66,0,4,0,0,0,0,0,0,0,0,0,0,0,0,2,0,66,167,140,148,148,127,137,152,146,146,148,96,0,0,0,0,0,0,0,0,0,0,0,0,0,0,0,0,45,123,94,104,96,119,121,106,98,112,87,114,0,0,0,0,0,0,0,0,0,0,0,0,0,0,0,0,106,89,58,50,37,50,66,56,50,75,75,137,22,0,2,0,0,0,0,0,0,0,0,0,0,2,0,29,148,114,106,125,89,100,133,117,131,131,131,125,112,0,0,0,0,0,0,0,0,0,0,0,0,0,0,100,106,114,91,137,62,102,131,89,135,112,131,108,135,37,0,0,0,0,0,0,0,0,0,0,0,0,0,146,100,108,98,144,62,106,131,87,133,104,160,117,121,68,0,0,0,0,0,0,0,0,0,0,0,0,33,121,108,96,100,140,71,106,127,85,140,104,150,140,114,89,0,0,0,0,0,0,0,0,0,0,0,0,62,119,112,102,110,137,75,106,144,81,144,108,117,154,117,104,18,0,0,0,0,0,0,0,0,0,0,0,66,121,102,112,117,131,73,104,156,77,137,135,83,179,129,121,35,0,0,0,0,0,0,0,0,0,0,0,85,127,81,125,133,119,79,100,169,83,129,175,60,163,135,146,39,0,0,0,0,0,0,0,0,0,0,0,106,129,62,140,144,108,85,83,158,85,129,175,48,146,133,135,64,0,0,0,0,0,0,0,0,0,0,0,117,119,79,140,152,102,89,110,137,96,150,196,83,144,135,133,77,0,0,0,0,0,0,0,0,0,0,0,154,121,87,140,154,112,94,52,142,100,83,152,85,160,133,100,12,0,0,0,0,0,0,0,0,0,0,0,4,0,2,0,35,4,33,0,0,0,0,0,0,0,0,0,0,0,0,0,0,0
0,0,0,0,0,0,0,0,0,0,0,0,0,0,0,0,0,26,0,0,0,0,0,0,0,0,0,0,0,0,0,0,0,0,0,0,189,206,187,32,0,0,0,26,217,226,196,11,0,0,0,0,0,0,0,0,0,0,0,0,0,0,0,0,192,227,234,243,230,147,239,242,234,218,209,0,0,0,0,0,0,0,0,0,0,0,0,0,0,0,0,0,173,225,215,233,254,0,194,240,217,221,190,0,0,0,0,0,0,0,0,0,0,0,0,0,0,0,0,0,139,229,212,226,255,0,162,255,213,226,200,0,0,0,0,0,0,0,0,0,0,0,0,0,0,0,0,0,98,232,211,215,249,46,162,246,214,230,186,0,0,0,0,0,0,0,0,0,0,0,0,0,0,0,0,0,70,228,213,220,224,252,239,219,217,231,171,0,0,0,0,0,0,0,0,0,0,0,0,0,0,0,0,0,45,222,214,218,216,210,215,217,202,224,172,0,0,0,0,0,0,0,0,0,0,0,0,0,0,0,0,0,24,254,214,210,211,214,215,212,203,221,167,0,0,0,0,0,0,0,0,0,0,0,0,0,0,0,0,0,0,254,216,215,217,217,216,216,206,225,150,0,0,0,0,0,0,0,0,0,0,0,0,0,0,0,0,0,0,247,216,214,217,216,214,212,203,226,136,0,0,0,0,0,0,0,0,0,0,0,0,0,0,0,0,0,0,245,216,214,216,217,215,211,204,225,125,0,0,0,0,0,0,0,0,0,0,0,0,0,0,0,0,0,0,247,216,214,217,220,217,213,203,222,147,0,0,0,0,0,0,0,0,0,0,0,0,0,0,0,0,0,0,248,216,215,218,222,216,214,207,218,179,0,0,0,0,0,0,0,0,0,0,0,0,0,0,0,0,0,0,249,216,217,219,222,217,214,210,215,211,0,0,0,0,0,0,0,0,0,0,0,0,0,0,0,0,0,38,255,214,218,219,224,218,215,211,211,231,0,0,0,0,0,0,0,0,0,0,0,0,0,0,0,0,0,79,227,209,219,219,227,219,215,213,206,254,58,0,0,0,0,0,0,0,0,0,0,0,0,0,0,0,0,146,226,211,220,219,228,218,215,216,205,219,163,0,0,0,0,0,0,0,0,0,0,0,0,0,0,0,0,202,221,214,221,219,231,218,215,218,213,212,220,0,0,0,0,0,0,0,0,0,0,0,0,0,0,0,0,234,217,216,220,219,234,217,215,218,216,223,247,7,0,0,0,0,0,0,0,0,0,0,0,0,0,0,17,254,212,219,219,220,233,214,216,219,222,153,238,58,0,0,0,0,0,0,0,0,0,0,0,0,0,0,66,255,208,220,219,222,241,220,218,218,218,192,242,99,0,0,0,0,0,0,0,0,0,0,0,0,0,0,142,235,203,218,216,231,242,225,233,219,214,216,238,144,0,0,0,0,0,0,0,0,0,0,0,0,0,0,177,248,227,229,211,255,76,0,247,243,230,230,249,187,0,0,0,0,0,0,0,0,0,0,0,0,0,0,101,241,228,228,220,255,64,0,243,237,230,227,241,142,0,0,0,0,0,0,0,0,0,0,0,0,0,0,0,255,242,222,218,255,62,0,223,238,225,238,255,31,0,0,0,0,0,0,0,0,0,0,0,0,0,0,0,45,255,242,235,255,84,0,246,255,242,255,70,0,0,0,0,0,0,0,0,0,0,0,0,0,0,0,0,0,0,61,102,168,25,0,139,161,74,0,0,0,0,0,0,0,0,0,0
0,0,0,0,1,0,0,0,0,22,88,188,172,132,125,141,199,143,9,0,0,0,1,0,0,0,0,0,0,0,0,1,0,0,20,131,199,206,196,202,242,255,255,250,222,197,206,188,126,17,0,0,0,0,0,0,0,0,0,1,0,35,214,191,183,178,175,168,150,162,159,152,158,179,183,189,195,185,82,0,0,0,0,0,0,0,0,0,0,170,190,172,177,176,171,169,162,155,148,154,169,174,175,175,177,183,188,12,0,0,0,0,0,0,0,0,25,194,180,178,174,184,187,189,187,184,181,189,200,197,193,190,178,175,194,90,0,0,0,0,0,0,0,0,42,218,191,197,208,204,211,209,210,212,211,214,215,213,214,211,211,191,200,158,0,0,0,0,0,0,0,0,88,221,215,217,219,211,185,150,118,107,99,88,83,90,135,212,203,207,219,169,0,0,0,0,0,0,0,0,0,27,118,162,40,0,0,0,10,19,28,39,47,36,0,0,203,230,220,203,0,0,0,0,0,0,0,0,138,136,71,69,54,216,217,203,184,168,163,162,163,178,221,186,38,26,7,0,0,0,0,0,0,0,0,0,67,134,154,224,129,66,81,117,129,128,132,137,131,129,86,73,157,151,134,216,18,0,0,0,0,0,0,0,203,198,172,183,206,255,255,250,243,240,239,235,238,244,255,238,184,160,86,98,0,0,0,0,0,0,0,0,122,188,224,151,105,127,97,100,105,114,117,117,113,103,98,111,142,254,191,255,49,0,0,0,0,0,0,0,163,179,200,95,154,198,197,200,200,198,197,198,199,202,200,176,86,206,157,162,10,0,0,0,0,0,0,0,197,201,229,71,144,194,181,183,179,182,180,179,180,190,185,197,76,219,185,201,34,0,0,0,0,0,0,0,199,193,226,58,154,192,184,187,184,186,184,185,183,192,191,200,56,219,203,207,60,0,0,0,0,0,0,0,201,194,224,41,163,190,186,186,184,185,183,185,178,190,194,202,33,211,200,206,73,0,0,0,0,0,0,0,201,197,222,17,172,190,186,187,182,186,185,187,180,187,193,202,26,212,202,203,76,0,0,0,0,0,0,0,200,197,223,0,177,189,184,185,178,184,183,184,180,183,189,203,35,196,203,203,84,0,0,0,0,0,0,0,200,197,223,0,185,187,185,187,180,184,182,183,178,182,183,205,44,159,207,201,85,0,0,0,0,0,0,0,187,198,225,0,194,188,184,185,180,183,183,184,181,181,177,206,46,129,211,200,88,0,0,0,0,0,0,6,186,200,211,0,199,189,184,184,185,182,183,184,185,182,175,205,50,97,216,197,93,0,0,0,0,0,0,5,185,204,184,0,202,188,182,182,183,183,184,182,180,182,174,202,63,59,220,196,94,0,0,0,0,0,0,5,184,206,157,0,204,187,187,189,192,190,190,191,190,187,183,202,78,35,222,197,95,0,0,0,0,0,0,5,183,208,127,0,197,166,153,149,149,146,148,149,150,151,158,191,90,8,223,195,99,0,0,0,0,0,0,6,184,208,114,0,204,173,161,180,176,172,173,173,174,176,162,202,115,0,229,199,105,0,0,0,0,0,0,9,178,204,115,0,121,135,114,117,114,114,117,118,119,117,113,147,63,0,225,196,107,0,0,0,0,0,0,18,180,206,131,0,0,0,0,0,0,0,0,0,0,0,0,0,0,0,224,197,123,0,0,0,0,0,0,0,141,151,76,0,1,1,0,0,0,0,0,0,0,0,0,0,0,0,133,167,73,0,0,0
0,0,0,0,0,0,0,0,0,0,0,0,0,0,0,0,0,0,0,0,0,0,0,0,0,0,0,0,0,0,0,0,0,0,0,0,0,0,0,0,0,0,0,0,0,0,0,0,0,0,0,0,0,0,0,0,0,0,0,0,0,0,0,0,0,0,0,0,0,0,0,0,0,0,0,0,0,0,0,0,0,0,0,0,0,0,0,0,0,0,0,0,0,0,0,0,0,0,0,0,0,0,0,0,0,0,0,0,0,0,0,0,0,0,0,0,0,0,0,0,0,0,0,0,0,0,0,0,0,0,0,0,0,0,0,0,0,0,0,0,0,0,0,0,0,0,0,0,0,0,0,0,0,0,0,0,0,0,0,0,0,0,0,0,0,0,0,0,0,0,0,0,0,0,0,0,0,0,0,0,0,0,0,0,0,0,0,0,0,0,0,0,0,0,0,0,0,0,0,0,0,0,0,0,0,0,0,0,0,0,0,0,0,0,0,0,0,0,0,0,0,0,0,0,0,0,0,0,0,0,0,0,0,1,1,0,3,1,0,4,0,0,0,2,0,0,0,0,5,1,0,0,0,0,0,0,0,0,0,0,0,0,0,0,4,0,0,0,0,0,106,229,0,0,0,0,0,0,0,0,0,0,0,0,0,0,0,0,0,0,1,0,0,0,0,90,138,223,214,209,167,0,0,0,6,124,0,0,0,0,0,0,0,0,0,0,1,0,0,0,37,122,179,249,214,195,181,213,241,0,0,0,94,179,0,0,0,0,0,2,0,6,0,0,0,0,16,149,236,226,201,195,200,204,155,209,116,0,22,109,251,35,51,0,0,0,1,3,0,0,0,0,67,150,240,221,194,190,204,214,205,195,207,185,206,233,224,179,2,10,22,0,0,0,0,0,0,0,110,214,237,209,196,192,215,215,213,213,207,193,186,199,206,175,0,0,124,230,200,36,0,50,119,158,166,192,204,198,187,202,203,211,214,204,209,210,204,197,191,190,191,229,230,242,214,193,203,137,108,190,199,200,194,199,194,195,199,200,189,187,191,189,197,198,205,200,200,208,213,215,212,213,209,202,216,137,15,55,114,157,188,207,216,220,217,219,221,242,240,243,249,253,255,255,243,232,226,222,221,213,215,198,209,62,16,11,0,0,7,40,76,108,134,142,143,145,143,123,111,92,76,61,45,35,25,25,31,32,32,12,1,0,0,11,25,26,26,22,12,20,15,15,18,17,19,27,30,36,41,49,57,66,79,84,79,83,93,80,75,45,0,0,0,0,0,9,14,17,27,34,39,39,42,44,41,41,43,48,43,30,31,35,40,37,40,37,26,0,0,0,0,0,0,0,0,0,0,0,0,0,0,0,0,0,0,0,0,0,0,0,0,0,0,0,0,0,0,0,0,0,0,0,0,0,0,0,0,0,0,0,0,0,0,0,0,0,0,0,0,0,0,0,0,0,0,0,0,0,0,0,0,0,0,0,0,0,0,0,0,0,0,0,0,0,0,0,0,0,0,0,0,0,0,0,0,0,0,0,0,0,0,0,0,0,0,0,0,0,0,0,0,0,0,0,0,0,0,0,0,0,0,0,0,0,0,0,0,0,0,0,0,0,0,0,0,0,0,0,0,0,0,0,0,0,0,0,0,0,0,0,0,0,0,0,0,0,0,0,0,0,0,0,0,0,0,0,0,0,0,0,0,0,0,0,0,0,0,0,0,0,0,0,0,0,0,0,0,0,0,0,0,0,0,0,0,0,0,0,0,0,0,0,0,0
0,0,0,0,0,1,1,0,0,0,0,63,28,0,0,0,33,85,0,0,0,0,0,0,0,0,0,0,0,0,0,0,0,2,0,0,28,126,241,255,255,255,255,255,255,252,248,111,0,0,0,2,0,0,0,0,0,0,0,0,2,0,0,206,244,251,241,230,238,221,205,230,240,230,239,251,233,165,0,0,2,0,0,0,0,0,0,1,0,0,199,251,228,234,233,236,235,245,247,237,234,239,230,230,235,255,176,0,0,1,0,0,0,0,0,0,0,81,254,226,228,239,237,236,234,232,233,235,235,236,239,237,233,225,246,73,0,0,0,0,0,0,3,0,0,255,235,239,223,234,238,236,237,236,235,235,235,235,236,235,234,230,231,255,24,0,4,0,0,0,0,0,177,239,223,254,223,232,234,234,236,236,235,235,235,235,235,234,231,233,222,246,88,0,1,0,0,0,0,0,234,239,229,255,220,232,233,232,234,235,235,235,235,235,234,233,232,230,228,254,140,0,0,0,0,0,0,0,225,240,226,255,221,227,232,228,231,230,228,229,231,230,228,228,232,223,229,244,231,0,0,0,0,0,0,47,245,231,234,249,229,221,229,225,229,227,226,227,228,227,228,229,228,224,246,240,227,0,0,0,0,0,0,51,248,230,245,246,230,226,230,227,230,229,228,229,230,228,228,231,225,227,242,237,255,0,0,0,0,0,0,101,253,229,247,241,221,233,228,227,229,228,227,228,230,227,230,234,225,229,251,229,243,55,0,0,0,0,0,102,255,227,242,241,221,234,223,230,228,231,229,231,231,227,229,241,219,236,254,225,250,167,0,0,0,0,0,90,255,229,236,231,222,236,223,231,229,231,229,231,231,228,224,245,218,243,239,227,244,175,0,0,0,0,0,212,250,225,236,249,229,237,223,231,229,231,229,231,231,230,221,243,225,248,230,236,234,255,1,0,0,0,0,245,243,232,243,218,228,238,222,231,229,231,229,231,231,230,222,237,237,252,229,239,240,223,0,0,0,0,27,255,235,242,237,216,230,236,224,229,227,233,233,233,230,228,224,230,245,247,221,243,239,252,0,0,0,0,88,255,232,248,236,208,234,231,223,227,226,233,232,232,230,228,224,224,235,233,234,247,235,255,0,0,0,0,83,255,225,250,237,224,236,229,225,225,227,235,229,231,230,230,227,221,227,221,239,250,231,255,0,0,0,0,20,255,224,248,234,226,232,222,225,224,231,238,226,230,228,230,230,221,229,225,244,246,230,255,0,0,0,0,95,255,218,242,255,232,226,224,229,228,228,232,228,229,231,233,232,226,221,224,247,244,228,255,0,0,0,0,167,255,213,235,255,81,245,251,238,236,230,229,230,229,230,231,238,240,255,192,255,239,228,255,23,0,0,0,173,242,224,233,255,0,136,226,239,255,229,236,236,234,233,228,251,248,200,81,255,237,225,255,101,0,0,0,172,255,226,233,255,0,0,0,0,0,8,21,22,21,20,14,0,0,0,0,255,238,229,246,178,0,0,0,16,255,236,238,252,0,0,0,0,0,0,0,0,0,0,0,0,0,0,0,222,244,222,254,119,0,0,0,0,30,228,242,163,0,0,0,0,2,4,6,5,5,4,4,2,0,1,0,151,251,235,180,0,0,0,0,0,0,234,255,191,0,11,0,0,0,0,0,0,0,0,0,0,0,4,0,103,246,247,72,0,0,0,0,0,1,95,77,52,0,4,0,0,0,0,0,0,0,0,0,0,0,3,0,82,237,231,70,0,0
0,0,0,0,0,0,0,0,0,0,0,0,0,0,0,0,0,0,0,0,0,0,0,0,0,0,0,0,0,0,0,0,0,0,0,0,0,0,0,0,0,0,0,0,0,0,0,0,0,0,0,0,0,0,0,0,0,0,0,0,0,0,0,0,0,0,0,0,1,3,1,0,0,1,1,0,0,0,0,58,0,39,1,0,0,0,0,0,0,0,0,0,0,0,0,0,1,3,0,0,0,0,0,0,0,64,109,146,192,193,7,0,0,0,0,0,0,0,0,0,0,1,0,0,0,0,0,0,94,38,99,209,183,229,192,142,48,0,0,0,0,0,0,0,0,0,0,0,0,1,0,0,0,0,41,45,158,146,164,114,51,1,53,105,42,36,0,0,0,0,0,0,0,0,0,0,0,0,0,0,10,68,44,30,59,172,146,0,22,0,13,103,111,103,0,0,0,0,0,0,0,0,0,0,0,3,1,0,22,61,88,152,255,71,0,0,0,0,35,85,112,201,44,0,0,0,0,0,0,0,0,0,0,1,0,0,13,62,154,62,0,0,0,0,0,0,54,99,61,106,51,19,0,0,0,0,0,0,0,0,0,0,0,0,0,0,0,0,9,1,0,0,1,0,79,82,47,33,58,50,0,0,0,0,0,0,0,0,0,0,0,0,0,3,1,3,9,3,0,0,1,0,100,88,48,35,70,54,0,0,0,0,0,0,0,0,0,0,0,0,0,0,0,0,0,3,0,1,0,0,111,195,119,29,58,45,0,0,0,0,0,0,0,1,0,0,0,0,0,0,0,0,0,0,3,3,0,0,91,146,171,16,93,35,0,0,0,0,0,0,0,0,0,0,0,0,0,0,0,0,0,0,0,0,0,48,45,3,79,87,99,6,0,0,0,0,0,0,0,0,0,0,0,0,0,0,0,0,0,3,0,0,119,137,33,96,77,13,45,0,0,0,0,0,0,0,0,0,0,0,0,0,0,0,0,0,0,0,32,160,164,142,116,79,82,39,39,0,0,0,0,0,3,0,0,0,0,0,0,0,0,3,4,10,0,41,180,142,171,1,0,0,48,73,16,0,0,0,0,0,0,0,1,1,0,0,0,0,0,0,3,0,27,155,114,169,0,0,0,0,47,76,6,0,0,0,0,0,0,0,0,0,0,0,0,0,1,0,0,0,155,129,160,0,0,0,0,0,45,96,0,0,0,0,0,0,1,0,16,39,64,0,0,0,0,0,0,129,151,175,0,0,0,4,4,0,48,116,0,0,0,0,0,0,0,0,58,87,73,10,0,0,0,0,27,187,195,0,0,0,0,3,1,0,47,146,0,0,1,0,0,0,1,0,0,0,0,0,0,0,0,0,181,225,45,0,0,0,0,0,1,0,45,186,0,0,0,0,0,0,0,0,1,183,210,90,0,0,0,126,253,142,0,0,0,0,0,0,1,0,48,203,0,0,64,58,45,27,16,9,1,175,245,204,22,0,70,236,190,6,0,0,0,0,0,0,0,0,50,196,0,0,96,128,149,163,158,140,138,146,154,108,90,148,193,177,36,0,7,0,0,0,0,0,0,0,41,125,0,0,0,0,0,0,19,47,65,93,94,125,166,180,119,29,0,0,0,0,0,0,0,0,0,0,32,238,0,0,0,0,0,0,0,0,0,0,0,0,0,0,0,0,0,0,0,0,0,0,0,0,0,0,0,131,0,0,0,0,0,0,0,0,0,0,0,0,0,0,0,0,0,0,0,0,0,0,0,0,0,0,0,0,0,0
0,0,0,0,0,0,0,0,0,0,0,0,0,0,0,0,0,0,0,0,0,0,0,0,0,0,0,0,0,0,0,0,0,0,0,0,0,0,0,0,0,0,0,0,0,0,0,0,0,0,0,0,0,0,0,0,0,0,0,0,0,0,0,0,0,0,0,0,0,1,1,0,0,0,0,0,0,0,164,50,0,7,0,0,0,0,0,0,0,0,0,0,1,0,0,1,0,0,1,1,0,0,5,0,45,217,255,176,0,6,0,0,0,0,0,0,0,0,0,0,0,1,1,0,3,3,5,9,0,2,0,62,236,231,215,27,0,1,0,0,0,0,0,0,0,0,0,0,0,0,0,0,0,0,0,0,0,0,29,244,231,234,74,0,1,0,0,0,0,0,0,0,0,0,0,0,0,2,0,0,0,23,41,59,111,134,138,226,202,217,22,0,1,0,0,0,0,0,0,0,0,0,0,0,0,5,0,35,179,195,182,225,198,241,177,199,205,210,26,0,1,0,0,3,0,0,0,0,0,0,0,0,0,0,0,0,19,0,0,0,0,0,235,243,198,119,0,3,1,3,4,0,0,0,0,0,0,0,0,0,0,0,0,0,0,2,5,0,0,0,170,252,181,182,0,0,0,0,0,19,0,0,0,0,0,0,0,0,0,0,0,0,1,1,0,0,4,0,76,255,183,219,9,0,0,42,191,164,0,0,0,0,0,0,0,0,0,0,0,0,0,0,0,0,2,0,0,237,198,204,75,47,221,221,238,25,0,0,0,0,0,0,0,0,0,0,0,1,0,0,1,2,1,0,0,209,212,229,255,254,232,227,174,0,0,0,0,0,0,0,0,0,0,0,0,0,0,0,1,0,0,0,0,0,210,255,87,101,230,238,105,0,0,0,0,0,0,0,0,0,0,0,0,0,0,1,0,4,1,0,1,250,236,0,0,0,224,233,20,0,0,0,0,0,0,1,3,4,4,2,0,0,0,1,0,2,0,0,204,185,0,0,0,6,227,202,0,0,0,1,0,1,0,0,0,0,0,0,0,0,0,1,0,0,0,173,159,0,0,2,0,10,237,153,0,0,0,0,1,0,0,0,0,40,138,21,0,0,2,0,8,0,132,195,0,0,0,0,0,8,240,118,0,1,5,6,4,0,132,232,208,208,241,217,0,0,0,1,0,29,217,35,0,9,0,2,0,25,238,58,0,2,0,0,0,0,181,255,231,233,219,238,77,0,0,0,0,196,145,0,0,0,0,2,0,49,228,0,0,2,62,92,8,0,207,255,216,198,189,208,221,0,0,0,177,239,19,0,0,0,0,2,0,64,218,0,0,3,96,249,223,211,237,243,211,228,255,252,255,138,38,175,242,173,0,0,0,0,0,2,0,89,204,0,0,2,0,197,240,240,237,219,222,244,235,243,244,255,255,234,233,45,0,2,0,0,0,2,0,105,188,0,0,0,0,165,253,224,229,242,244,232,239,242,243,237,230,230,207,0,0,1,0,0,0,9,0,120,165,0,8,0,0,45,255,252,253,241,229,223,230,235,240,239,233,245,65,0,2,0,0,0,0,10,0,128,143,0,10,0,0,0,0,72,202,255,255,255,255,255,255,255,255,194,0,0,2,0,0,0,0,8,0,186,160,0,9,0,0,0,0,0,0,0,38,89,135,162,180,179,152,0,0,1,0,0,0,0,0,1,0,68,29,0,3,0,0,0,0,0,0,0,0,0,0,0,0,0,0,0,0,0,0,0,0,0,0,0,0,0,0,0,0,0
0,0,0,0,0,0,0,11,142,200,106,0,0,0,0,0,0,0,85,185,112,0,0,0,0,0,0,0,0,0,0,0,0,0,152,214,217,194,236,216,187,149,135,153,211,217,231,205,217,188,34,0,0,0,0,0,0,0,0,0,0,66,185,166,180,181,190,211,221,197,146,198,206,191,168,190,172,188,175,0,0,0,0,0,0,0,0,0,0,135,153,160,175,180,170,186,187,190,188,190,187,174,195,185,174,161,175,59,0,0,0,0,0,0,0,0,0,161,147,160,170,178,177,180,168,173,174,171,185,184,185,172,171,164,174,120,0,0,0,0,0,0,0,0,2,175,146,145,168,178,181,185,180,184,178,179,187,191,193,190,181,171,172,158,0,0,0,0,0,0,0,0,35,177,155,140,151,172,191,187,186,187,186,187,182,191,194,188,180,161,161,185,0,0,0,0,0,0,0,0,59,170,153,141,120,154,160,161,172,168,166,161,165,172,170,164,139,149,162,166,21,0,0,0,0,0,0,0,79,145,160,214,123,128,153,160,164,158,157,154,155,170,165,141,195,193,152,166,61,0,0,0,0,0,0,0,100,157,225,245,175,113,174,158,158,160,155,160,164,178,188,135,185,240,201,172,108,0,0,0,0,0,0,0,0,31,174,28,126,153,166,152,158,158,160,161,157,168,191,188,18,132,159,7,0,0,0,0,0,0,0,0,0,0,0,0,82,187,159,153,157,158,162,164,164,154,187,190,0,0,0,0,0,0,0,0,0,0,0,0,1,3,5,0,37,175,158,155,162,158,160,162,165,153,177,205,0,0,3,3,0,0,0,0,0,0,0,0,0,0,1,0,25,175,152,160,158,161,160,164,164,161,166,200,0,0,1,0,0,0,0,0,0,0,0,0,0,0,4,0,30,171,147,164,155,165,161,165,162,170,164,162,0,0,2,0,0,0,0,0,0,0,0,0,0,0,4,0,57,166,155,164,166,161,161,164,167,165,165,162,28,0,3,0,0,0,0,0,0,0,0,0,0,0,3,0,114,161,161,166,159,168,161,161,172,162,165,171,50,0,5,0,0,0,0,0,0,0,0,0,0,0,1,0,149,157,167,172,159,172,164,161,172,170,160,171,89,0,4,0,0,0,0,0,0,0,0,0,0,2,0,4,171,164,166,173,159,179,166,160,174,167,162,166,128,0,2,0,0,0,0,0,0,0,0,0,0,3,0,18,152,173,160,179,154,181,166,164,175,170,166,170,164,0,0,1,0,0,0,0,0,0,0,0,0,4,0,47,165,172,167,185,153,187,173,165,174,179,166,166,158,5,0,3,0,0,0,0,0,0,0,0,0,4,0,87,180,162,179,179,157,191,182,165,168,190,173,165,166,20,0,4,0,0,0,0,0,0,0,0,0,4,0,105,187,157,194,175,161,190,184,170,158,205,177,168,171,44,0,4,0,0,0,0,0,0,0,0,0,5,0,138,181,158,205,160,167,190,198,167,152,218,186,170,172,57,0,5,0,0,0,0,0,0,0,0,0,5,0,135,174,167,199,155,166,201,219,165,158,218,188,167,175,56,0,7,0,0,0,0,0,0,0,0,0,5,0,129,171,172,177,153,159,206,216,148,157,206,190,165,175,48,0,5,0,0,0,0,0,0,0,0,0,5,0,167,187,182,198,194,200,226,240,184,206,255,197,178,179,42,0,5,0,0,0,0,0,0,0,0,0,3,0,115,135,113,106,85,82,108,133,83,90,121,120,110,158,18,0,3,0,0,0,0
0,0,0,0,0,0,0,0,0,0,0,0,0,0,39,111,93,85,27,0,0,0,0,0,1,0,0,0,0,0,0,0,0,0,0,0,0,0,0,1,0,0,190,244,248,255,255,155,202,212,150,9,0,3,0,0,0,0,0,0,0,0,0,0,0,0,0,2,0,0,213,227,233,227,243,246,255,250,255,146,0,9,0,0,0,0,0,0,0,0,0,0,0,0,0,4,0,6,244,233,236,244,232,214,248,242,251,33,0,7,0,0,0,0,0,0,0,0,0,0,0,0,1,6,0,72,255,231,239,244,237,226,255,252,207,44,24,0,2,0,0,0,0,0,0,0,0,0,0,0,0,0,0,125,231,215,253,252,234,246,254,239,128,114,63,0,3,0,0,0,0,0,0,0,0,0,0,0,1,0,0,189,230,198,185,219,218,255,206,255,133,31,0,0,0,0,0,0,0,0,0,0,0,0,0,0,4,0,0,224,241,255,236,237,223,191,219,166,0,0,1,0,0,0,0,0,0,0,0,0,0,0,0,0,1,0,61,245,202,220,237,220,242,199,255,178,0,0,1,0,0,0,0,0,0,0,0,0,0,0,0,0,0,0,153,247,205,202,212,207,225,190,255,93,141,0,0,1,0,0,0,0,0,0,0,0,0,0,0,3,0,0,222,228,233,243,248,242,242,209,255,0,90,177,0,0,0,0,0,0,0,0,0,0,0,0,0,2,0,46,255,221,235,235,213,248,220,206,255,225,28,255,0,0,0,0,0,0,0,0,0,0,0,0,0,0,0,116,250,215,227,231,226,255,195,216,250,255,159,255,160,0,0,0,0,0,0,0,0,0,0,0,3,0,7,226,202,241,247,241,228,255,175,229,252,241,255,224,224,76,0,0,0,0,0,0,0,0,0,0,0,0,131,255,210,212,251,252,229,255,175,227,254,239,245,230,223,149,90,0,0,0,0,0,0,0,0,2,0,0,227,238,238,225,205,242,246,223,187,221,254,238,255,233,156,0,0,0,0,0,0,0,0,1,0,0,0,77,255,239,248,252,237,195,201,232,190,205,252,235,255,199,0,0,0,0,0,0,0,0,0,0,0,0,0,207,223,186,215,223,255,255,217,229,254,251,244,240,255,207,0,0,1,0,0,0,0,0,0,0,2,0,53,254,234,239,222,190,187,200,250,237,195,251,250,237,253,192,0,0,0,0,0,0,0,2,4,2,0,0,190,247,233,231,250,254,247,208,208,231,226,207,246,235,248,175,0,0,0,0,0,1,6,0,0,0,0,117,245,184,242,238,235,238,244,233,255,255,99,155,255,233,252,154,0,0,0,0,0,0,0,0,3,33,141,255,197,208,184,234,246,240,243,231,255,77,0,172,255,231,253,139,0,1,0,0,0,0,84,243,246,255,254,240,241,190,229,198,243,244,238,255,80,0,0,176,255,231,252,113,0,3,0,0,0,25,223,239,230,231,231,234,241,247,191,225,230,252,255,173,0,0,0,170,255,228,251,97,0,4,0,0,0,103,241,217,228,230,238,241,238,248,244,216,172,223,255,0,0,7,0,159,255,234,251,74,0,4,0,0,0,9,188,229,242,241,243,240,236,238,241,251,237,253,64,0,0,3,0,154,255,229,255,62,0,7,0,0,0,0,0,28,123,199,249,255,255,255,255,255,245,72,0,0,0,3,0,117,255,245,220,19,0,4,0,0,0,0,0,0,0,0,0,38,72,89,71,37,0,0,0,0,0,3,0,0,64,42,24,0,0,0,0,0
0,0,0,0,0,0,0,0,0,0,0,0,0,0,0,0,0,0,0,0,0,0,0,0,0,0,0,0,0,0,0,0,0,0,0,0,0,0,0,0,0,0,0,0,0,0,0,0,0,0,0,0,0,0,0,0,0,0,0,0,0,0,0,0,0,0,0,0,0,0,0,0,0,0,0,0,0,0,0,0,0,0,0,0,0,0,0,0,0,0,0,0,0,0,0,0,0,0,0,0,0,0,0,0,0,0,0,0,0,0,0,0,0,0,0,0,0,0,0,0,0,0,0,0,0,0,0,0,0,0,0,0,0,0,0,0,0,0,0,0,0,0,0,0,0,0,0,0,0,0,0,0,0,0,0,0,0,0,0,0,0,0,0,0,0,0,0,0,0,0,0,0,0,0,0,0,0,0,0,0,0,0,0,32,60,0,0,0,0,0,0,0,0,0,0,0,0,0,0,0,0,0,0,0,0,0,0,0,0,0,85,216,144,43,0,0,0,0,0,0,0,91,54,0,0,0,0,0,0,0,0,0,0,0,2,0,27,172,200,182,189,197,0,0,0,12,110,130,139,127,66,0,0,0,0,0,0,0,0,0,0,0,3,0,45,212,180,158,213,235,92,27,103,184,193,132,43,0,0,0,0,0,0,0,0,0,2,1,0,0,0,0,0,194,222,163,163,182,239,211,164,69,25,0,0,1,5,0,0,0,0,0,2,0,0,0,0,0,0,0,0,55,244,242,229,200,216,63,0,0,0,0,0,0,0,0,1,0,0,1,0,0,24,117,190,0,0,0,0,0,157,230,226,202,206,148,0,0,3,18,30,39,65,48,1,2,1,1,0,144,197,184,206,150,0,0,0,0,5,94,157,189,203,243,177,108,136,149,154,150,145,108,0,0,0,0,0,101,235,197,171,230,30,0,0,0,0,47,200,206,148,154,109,75,54,61,61,57,75,54,6,16,1,0,0,0,190,126,0,200,101,0,29,85,119,127,154,101,90,97,66,118,105,121,91,94,122,48,41,112,113,115,106,94,197,206,114,194,255,119,123,118,79,86,55,108,74,74,81,57,103,54,82,86,83,46,29,72,34,74,59,83,100,63,96,83,114,64,70,63,100,69,100,91,81,87,92,94,87,115,68,70,96,24,20,99,90,104,86,103,82,91,48,78,64,109,92,79,74,95,108,91,88,95,97,75,79,100,92,96,97,14,6,97,75,91,79,90,63,94,90,91,100,72,75,83,81,79,55,73,48,88,81,83,68,61,69,39,79,2,0,82,115,109,109,123,78,95,92,91,105,90,110,117,130,132,137,141,142,128,126,151,180,170,163,162,114,0,0,0,2,39,63,85,112,101,109,105,90,94,77,59,47,43,19,2,0,0,0,3,25,20,27,24,9,0,0,0,0,0,0,0,0,0,0,0,0,0,0,0,0,0,0,0,0,0,0,0,0,0,0,0,0,0,0,0,0,0,0,0,0,0,0,0,0,0,0,0,0,0,0,0,0,0,0,0,0,0,0,0,0,0,0,0,0,0,0,0,0,0,0,0,0,0,0,0,0,0,0,0,0,0,0,0,0,0,0,0,0,0,0,0,0,0,0,0,0,0,0,0,0,0,0,0,0,0,0,0,0,0,0,0,0,0,0,0,0,0,0,0,0,0,0,0,0,0,0,0,0,0,0,0,0,0,0,0,0,0,0,0,0,0,0,0,0,0,0,0,0,0,0,0,0,0,0,0,0,0,0,0,0,0,0,0,0,0,0,0,0,0,0,0,0,0
0,0,0,0,0,0,0,0,0,0,0,0,0,0,0,0,0,0,0,0,0,0,0,0,0,0,0,0,0,0,0,0,0,0,0,0,0,0,0,0,0,0,0,0,0,0,0,0,0,0,0,0,0,0,0,0,0,0,0,0,0,0,0,0,0,0,0,0,0,0,0,0,0,0,0,0,0,0,0,0,0,0,0,0,0,0,0,0,0,0,0,0,0,0,0,0,0,0,0,0,0,0,0,0,0,0,0,0,0,0,0,0,0,0,0,0,0,0,0,0,0,0,0,0,0,0,0,0,0,0,0,0,0,0,0,0,0,0,0,0,0,0,0,0,0,0,0,0,0,0,0,0,0,0,0,0,0,0,0,0,0,0,0,0,0,0,0,0,0,0,0,0,0,0,0,0,0,0,0,0,0,0,0,0,0,0,0,0,0,0,0,0,0,0,0,0,0,0,0,0,0,0,0,0,0,0,0,0,0,0,0,0,0,0,0,0,0,0,0,0,0,0,0,0,0,0,0,0,0,0,0,0,0,1,0,0,0,110,60,38,94,73,27,0,0,0,0,0,0,121,78,0,0,0,0,0,0,0,0,0,0,4,0,0,68,22,1,82,140,131,178,144,92,41,0,32,99,151,129,0,0,0,0,0,0,0,0,2,0,0,41,126,153,140,125,120,112,108,117,102,121,144,123,120,34,124,161,0,0,0,0,0,1,2,3,0,0,72,184,77,91,129,125,142,141,151,139,119,112,146,112,27,25,152,178,28,0,0,0,0,2,0,2,39,0,197,41,52,43,0,0,0,0,16,87,134,168,156,77,48,71,162,172,56,0,0,1,0,0,54,71,178,113,18,50,215,45,0,4,0,0,0,0,0,44,150,145,150,176,182,165,56,2,1,0,0,105,136,94,115,181,49,110,141,7,0,3,1,0,1,0,0,153,179,182,195,209,193,170,30,0,0,0,0,77,56,60,57,71,77,60,137,0,0,0,0,0,0,0,71,254,182,219,200,199,178,167,4,0,0,0,0,130,147,147,170,162,131,157,192,0,0,4,29,43,71,82,108,82,52,35,24,19,13,23,0,59,140,117,101,121,140,149,161,173,171,173,163,72,76,72,83,81,77,71,68,66,81,94,99,104,99,121,22,16,87,114,120,98,96,104,118,137,144,155,157,195,163,173,177,177,178,179,224,209,194,193,198,198,155,183,27,0,0,0,0,3,11,22,34,36,50,43,49,48,64,66,40,32,36,46,62,66,61,73,70,56,46,18,0,0,0,0,0,0,0,0,0,0,0,0,0,0,0,0,0,0,0,0,0,0,0,0,0,0,0,0,0,0,0,0,0,0,0,0,0,0,0,0,0,0,0,0,0,0,0,0,0,0,0,0,0,0,0,0,0,0,0,0,0,0,0,0,0,0,0,0,0,0,0,0,0,0,0,0,0,0,0,0,0,0,0,0,0,0,0,0,0,0,0,0,0,0,0,0,0,0,0,0,0,0,0,0,0,0,0,0,0,0,0,0,0,0,0,0,0,0,0,0,0,0,0,0,0,0,0,0,0,0,0,0,0,0,0,0,0,0,0,0,0,0,0,0,0,0,0,0,0,0,0,0,0,0,0,0,0,0,0,0,0,0,0,0,0,0,0,0,0,0,0,0,0,0,0,0,0,0,0,0,0,0,0,0,0,0,0,0,0,0,0,0,0,0,0,0,0,0,0,0,0,0,0,0,0,0,0,0,0,0,0,0,0,0,0,0,0,0,0,0,0,0,0,0,0
0,0,0,0,0,0,0,0,0,0,0,0,0,0,0,0,0,0,0,0,0,0,0,0,0,0,0,0,0,0,0,0,0,0,0,0,0,0,0,0,0,0,0,0,0,0,0,0,0,0,0,0,0,0,0,0,0,0,0,0,0,0,0,0,0,0,0,0,0,0,0,0,0,0,0,0,0,0,0,0,0,0,0,0,0,0,0,0,0,0,0,0,0,0,0,0,0,0,0,0,0,0,0,0,0,0,0,0,0,0,0,0,0,0,0,0,0,0,0,0,0,0,0,0,0,0,0,0,0,0,0,0,0,0,0,0,0,0,0,0,0,0,0,0,0,0,0,0,0,0,0,0,0,0,0,0,0,0,0,0,0,0,0,0,0,0,0,0,0,0,0,0,0,0,0,0,0,0,0,0,0,0,0,0,0,0,0,0,0,0,0,0,0,0,0,0,0,0,0,0,0,0,0,0,0,0,0,0,0,0,0,0,0,0,0,0,0,0,0,0,0,0,0,0,0,0,0,0,0,0,0,0,0,0,0,0,0,0,0,0,0,0,0,0,0,0,0,0,0,0,0,0,0,0,0,0,0,0,0,0,0,0,0,0,0,0,0,1,69,35,0,1,0,0,0,0,0,0,0,0,0,0,0,0,0,0,0,0,1,0,0,0,0,34,160,128,191,114,0,0,0,0,0,0,0,107,59,0,0,0,0,0,0,1,1,0,0,0,5,48,126,151,160,172,113,130,61,0,0,0,0,51,201,245,166,0,1,2,1,0,0,0,0,0,0,30,164,166,136,119,101,88,165,149,141,116,97,92,132,162,141,233,210,0,0,0,0,0,2,14,34,64,82,119,135,88,136,122,206,190,122,122,116,144,145,151,144,140,151,159,182,11,0,2,42,72,90,105,115,102,106,120,93,149,131,99,185,198,94,94,105,97,113,102,114,123,107,93,147,31,92,228,130,109,95,86,85,73,94,85,103,102,65,74,77,78,90,97,107,114,114,123,144,139,136,157,189,31,19,88,141,173,173,173,161,170,203,198,205,215,224,227,230,245,255,252,248,252,239,228,216,214,214,208,231,82,14,0,0,0,0,0,0,0,5,3,10,5,6,14,14,11,6,1,0,0,0,0,0,0,0,0,0,13,0,14,28,31,28,24,27,24,24,23,30,22,19,21,21,22,23,23,24,26,28,35,39,36,36,38,44,22,0,0,0,0,0,0,0,0,0,0,0,0,0,0,0,0,0,0,0,0,0,0,0,0,0,0,0,0,0,0,0,0,0,0,0,0,0,0,0,0,0,0,0,0,0,0,0,0,0,0,0,0,0,0,0,0,0,0,0,0,0,0,0,0,0,0,0,0,0,0,0,0,0,0,0,0,0,0,0,0,0,0,0,0,0,0,0,0,0,0,0,0,0,0,0,0,0,0,0,0,0,0,0,0,0,0,0,0,0,0,0,0,0,0,0,0,0,0,0,0,0,0,0,0,0,0,0,0,0,0,0,0,0,0,0,0,0,0,0,0,0,0,0,0,0,0,0,0,0,0,0,0,0,0,0,0,0,0,0,0,0,0,0,0,0,0,0,0,0,0,0,0,0,0,0,0,0,0,0,0,0,0,0,0,0,0,0,0,0,0,0,0,0,0,0,0,0,0,0,0,0,0,0,0,0,0,0,0,0,0,0,0,0,0,0,0,0,0,0,0,0,0,0,0,0,0,0,0,0,0,0,0,0,0,0,0,0,0,0,0,0,0,0,0,0,0,0,0,0,0,0,0
0,0,0,0,0,0,0,0,0,0,0,0,0,0,0,0,0,0,0,0,0,0,0,0,0,0,0,0,0,0,0,0,0,0,0,0,0,0,0,0,0,0,0,0,0,0,0,0,0,0,0,0,0,0,0,0,0,0,0,0,0,0,0,0,0,0,0,0,0,0,0,0,0,0,0,0,0,0,0,0,0,0,0,0,0,0,0,0,0,0,0,0,0,0,0,0,0,0,0,0,0,0,0,0,0,0,0,0,0,0,0,0,0,0,0,0,0,0,0,0,0,0,0,0,0,0,0,0,0,0,0,0,0,0,0,0,0,0,0,0,0,0,0,0,0,0,0,0,0,0,0,0,0,0,85,188,146,79,0,0,0,0,0,0,0,0,0,0,0,0,0,0,0,0,0,0,0,0,0,0,0,0,140,202,199,255,144,0,0,0,0,11,135,157,5,0,0,0,0,0,0,0,0,0,0,0,0,3,0,0,200,187,200,191,255,51,0,0,16,208,227,236,63,0,0,0,0,0,0,0,0,0,0,0,0,2,0,18,233,193,206,186,219,255,171,140,255,221,203,217,43,0,0,0,0,0,0,0,0,0,0,0,0,0,0,107,217,195,203,204,209,216,244,255,213,207,218,228,72,0,0,0,0,0,0,0,0,0,0,0,0,0,0,231,216,209,204,205,217,218,214,213,201,210,215,233,128,0,0,0,0,0,0,0,0,0,0,0,1,0,33,255,206,214,204,213,218,213,217,222,196,201,205,231,185,0,0,0,0,0,0,0,0,0,0,9,2,0,159,234,193,209,206,215,218,217,221,210,201,205,214,219,249,0,0,0,0,0,0,0,0,0,1,0,0,77,255,219,207,204,205,213,213,215,213,203,211,217,217,202,255,71,0,0,1,2,3,3,1,0,0,0,121,245,214,219,210,200,205,215,215,219,214,204,208,213,214,201,246,118,0,0,0,0,0,0,0,0,78,216,255,208,205,214,197,202,214,211,210,213,211,208,214,204,208,207,237,136,0,0,0,0,19,87,135,211,255,217,202,206,214,209,198,202,214,214,211,213,200,207,212,201,198,203,243,130,0,64,190,219,241,214,227,216,194,193,199,201,201,213,204,198,201,205,208,202,202,205,196,198,202,201,255,73,23,214,209,198,198,195,200,194,212,201,201,203,204,211,204,199,199,195,194,181,187,212,208,201,212,219,245,11,129,220,200,207,206,204,191,202,209,212,211,207,204,202,198,206,209,198,204,222,246,223,197,179,165,163,179,0,125,232,211,205,213,212,215,216,214,207,200,197,200,197,205,204,213,226,240,176,91,163,164,159,162,173,198,0,0,146,212,229,215,213,203,198,206,203,202,202,197,196,208,227,225,112,0,0,0,185,160,161,155,167,204,0,0,0,5,117,211,237,255,244,231,225,216,220,228,255,245,122,0,0,0,0,0,231,214,212,221,201,228,6,0,2,0,0,0,0,66,116,160,191,207,207,200,120,0,0,0,0,2,0,0,95,85,79,67,51,0,0,0,0,0,0,0,0,0,0,0,0,0,0,0,0,0,0,0,0,0,0,0,0,0,0,0,0,0,0,0,0,0,0,0,0,0,0,0,0,0,0,0,0,0,0,0,0,0,0,0,0,0,0,0,0,0,0,0,0,0,0,0,0,0,0,0,0,0,0,0,0,0,0,0,0,0,0,0,0,0,0,0,0,0,0,0,0,0,0,0,0,0,0,0,0,0,0,0,0,0,0,0,0,0,0,0,0,0,0,0,0,0,0
0,0,0,0,0,0,0,0,0,53,146,127,115,111,130,129,100,147,169,190,0,0,0,0,0,0,0,0,0,0,0,0,0,0,0,0,0,117,190,188,221,234,254,236,221,205,186,222,0,0,0,0,0,0,0,0,0,0,0,0,0,0,0,0,0,127,156,175,193,195,195,202,203,187,168,228,32,0,0,0,0,0,0,0,0,0,0,0,0,0,0,0,0,165,186,198,209,219,198,205,211,201,189,233,94,0,0,0,0,0,0,0,0,0,0,0,0,0,0,0,0,185,199,210,225,207,201,207,221,210,208,236,111,0,0,0,0,0,0,0,0,0,0,0,0,0,0,0,0,200,175,172,215,224,216,216,223,210,198,237,152,0,0,0,0,0,0,0,0,0,0,0,0,0,0,0,7,213,156,151,171,187,215,227,212,200,178,215,177,0,0,0,0,0,0,0,0,0,0,0,0,0,0,0,25,201,136,156,178,198,213,235,168,166,163,207,178,0,0,0,0,0,0,0,0,0,0,0,0,0,0,0,42,195,134,162,171,201,1,229,198,166,154,193,173,0,0,0,0,0,0,0,0,0,0,0,0,0,0,0,50,184,134,167,184,181,0,213,190,197,179,189,179,0,0,0,0,0,0,0,0,0,0,0,0,0,0,0,49,175,134,169,169,211,0,196,178,153,183,196,176,0,0,0,0,0,0,0,0,0,0,0,0,0,0,0,50,173,134,167,174,223,0,161,208,140,172,198,173,0,0,0,0,0,0,0,0,0,0,0,0,0,0,0,49,169,125,158,187,213,0,124,219,132,149,198,176,0,0,0,0,0,0,0,0,0,0,0,0,0,0,0,49,168,128,150,192,197,0,82,219,152,153,177,175,0,0,0,0,0,0,0,0,0,0,0,0,0,0,0,50,174,136,144,190,185,0,29,221,155,153,184,174,0,0,0,0,0,0,0,0,0,0,0,0,0,0,0,53,175,140,161,191,143,0,13,221,154,156,184,173,0,0,0,0,0,0,0,0,0,0,0,0,0,0,0,58,184,122,166,198,115,0,0,217,158,160,180,167,0,0,0,0,0,0,0,0,0,0,0,0,0,0,0,58,204,111,172,203,79,0,0,204,164,155,188,169,0,0,0,0,0,0,0,0,0,0,0,0,0,0,0,55,214,138,177,209,41,0,0,186,180,152,187,168,0,0,0,0,0,0,0,0,0,0,0,0,0,0,0,55,214,149,177,210,23,0,0,158,199,173,192,163,0,0,0,0,0,0,0,0,0,0,0,0,0,0,0,55,216,159,187,204,6,0,0,136,198,189,208,165,0,0,0,0,0,0,0,0,0,0,0,0,0,0,0,55,212,161,197,191,0,0,0,118,192,185,214,161,0,0,0,0,0,0,0,0,0,0,0,0,0,0,0,63,201,162,207,171,0,0,0,86,197,184,214,156,0,0,0,0,0,0,0,0,0,0,0,0,0,0,0,68,197,168,213,155,0,0,0,64,196,183,219,154,0,0,0,0,0,0,0,0,0,0,0,0,0,0,0,73,193,168,215,146,0,1,0,56,190,180,205,146,0,0,0,0,0,0,0,0,0,0,0,0,0,0,0,73,176,168,204,137,0,3,0,37,186,179,204,138,0,0,0,0,0,0,0,0,0,0,0,0,0,0,0,94,197,178,212,129,0,5,0,32,193,185,210,150,0,0,0,0,0,0,0,0,0,0,0,0,0,0,0,49,122,126,160,65,0,3,0,8,156,173,188,107,0,0,0,0,0,0,0
0,0,0,0,0,0,0,0,0,0,0,0,0,0,0,0,0,0,0,0,0,0,0,0,0,0,0,0,0,0,0,0,0,0,0,0,0,0,0,0,0,0,0,0,0,0,0,0,0,0,0,0,0,0,0,0,0,0,0,0,0,0,0,0,0,0,0,0,0,0,0,0,0,0,0,0,0,0,0,0,0,0,0,0,0,0,0,0,0,0,0,0,0,3,0,0,57,78,87,47,25,4,0,0,0,1,0,0,0,0,0,0,0,0,0,0,0,0,0,0,3,0,12,154,123,33,57,48,82,118,56,0,0,1,0,0,0,0,0,0,0,0,0,0,0,0,0,0,2,0,94,125,0,0,0,0,0,86,203,39,0,5,0,0,0,0,0,0,0,0,0,0,0,0,0,1,0,1,125,82,0,1,1,3,0,55,133,45,0,4,1,0,0,0,0,0,0,0,2,6,2,2,1,0,0,20,163,75,0,2,2,2,0,109,116,71,0,2,1,1,6,5,4,0,0,2,0,0,0,0,0,0,0,1,183,65,0,0,0,0,0,141,126,32,0,0,0,0,0,0,0,0,1,0,0,40,66,108,119,234,252,138,72,108,41,23,29,40,28,179,47,79,125,107,101,89,93,43,0,0,0,0,165,234,182,211,215,209,192,171,104,179,211,203,198,198,206,189,100,142,217,177,177,181,185,180,183,55,0,12,191,175,178,200,195,192,165,182,204,185,167,173,175,164,173,175,198,189,164,169,168,164,160,153,221,130,0,8,37,171,193,205,200,162,169,162,156,164,171,169,173,168,162,171,171,178,181,171,169,169,172,201,169,45,0,26,119,202,208,215,188,150,169,174,171,163,171,177,181,169,165,175,172,177,180,178,180,184,177,177,78,44,0,17,200,193,208,218,200,184,180,174,182,180,182,180,181,177,173,178,180,172,173,180,184,187,189,190,207,19,0,63,170,189,209,213,176,185,187,177,176,182,185,183,184,194,194,188,189,185,183,186,181,176,174,179,196,11,86,181,183,205,213,208,168,180,185,185,186,183,184,179,183,186,182,182,187,188,184,181,184,185,187,187,207,5,102,255,219,217,234,194,182,187,186,185,187,185,186,183,185,183,181,183,184,188,187,187,186,187,184,188,200,0,30,214,224,230,218,181,192,193,193,195,198,195,195,194,193,189,189,189,185,190,189,189,193,198,191,193,198,0,0,0,114,218,181,187,195,182,184,189,190,187,187,189,193,194,190,192,198,198,193,192,195,195,193,196,191,0,0,0,67,229,183,190,179,181,191,189,191,190,190,186,188,190,190,190,192,195,197,196,190,191,195,192,172,0,1,0,43,204,191,192,187,185,187,190,192,191,187,185,190,197,200,197,194,199,204,200,200,201,181,192,173,0,1,0,0,175,189,186,182,177,175,179,185,186,181,182,185,185,184,182,183,186,194,193,205,143,28,168,166,0,2,0,0,247,207,198,224,227,227,228,234,238,240,242,237,232,234,237,236,236,238,233,254,192,102,201,175,0,0,0,0,58,89,91,98,98,88,78,77,78,82,78,73,67,64,65,65,62,60,57,52,47,62,83,23,0,0,0,0,0,0,0,0,0,0,0,0,0,0,0,0,0,0,0,0,0,0,0,0,0,0,0,0,0,0,0,0,0,0,0,0,0,0,0,0,0,0,0,0,0,0,0,0,0,0,0,0,0,0,0,0,0,0,0,0,0,0,0,0,0,0,0,0,0,0,0,0,0,0,0,0,0,0,0,0,0,0,0,0,0
0,0,0,2,0,2,0,0,6,36,79,24,0,0,0,0,0,31,73,1,0,0,0,2,0,0,0,0,0,0,0,1,2,0,0,153,160,153,176,189,188,194,145,154,149,192,179,145,161,83,0,0,2,0,0,0,0,0,0,2,0,0,135,170,144,150,147,162,187,106,1,200,177,166,146,149,151,169,113,0,3,0,0,0,0,0,0,4,0,34,179,149,151,150,145,135,169,136,86,190,156,143,146,148,146,143,157,3,0,3,0,0,0,0,0,0,0,101,177,160,152,155,150,148,144,156,163,141,154,152,150,145,147,144,163,64,0,4,0,0,0,0,0,0,0,143,178,171,154,156,149,145,149,149,145,148,147,152,148,137,152,155,162,108,0,0,0,0,0,0,0,0,0,178,174,176,163,155,144,141,146,149,140,146,143,143,139,144,150,161,163,129,0,0,0,0,0,0,0,0,5,166,180,174,190,161,147,146,149,149,147,147,149,147,143,144,157,179,150,163,0,0,0,0,0,0,0,0,30,176,178,186,208,151,149,151,154,152,152,151,152,149,141,134,194,183,155,179,0,0,0,0,0,0,0,0,80,181,182,196,212,147,152,150,152,151,151,151,151,147,142,131,190,198,159,160,32,0,0,0,0,0,0,0,103,182,175,206,197,152,148,150,153,154,153,150,149,142,143,136,183,224,160,161,80,0,0,0,0,0,0,0,138,187,174,225,187,150,152,152,155,154,156,154,154,147,150,131,186,227,159,162,119,0,0,0,0,0,0,0,164,195,171,235,180,154,153,153,157,157,158,152,152,147,143,137,169,232,161,173,144,0,0,0,0,0,0,0,182,200,171,231,170,154,155,157,159,159,160,157,155,144,149,142,157,232,166,187,170,0,0,0,0,0,0,0,191,201,180,251,159,157,157,157,157,159,163,152,152,147,148,148,148,226,174,193,172,0,0,0,0,0,0,7,191,209,200,203,143,166,159,157,160,162,158,156,156,143,147,154,131,215,194,195,169,5,0,0,0,0,0,24,191,212,213,212,148,166,156,155,158,161,158,156,153,145,153,148,142,204,232,184,175,27,0,0,0,0,0,40,198,213,224,193,155,162,159,157,157,164,160,160,154,145,152,154,140,161,234,178,178,38,0,0,0,0,0,46,193,224,231,122,168,163,161,159,163,171,165,169,164,152,160,155,147,124,246,190,184,49,0,0,0,0,0,42,193,225,227,115,172,150,152,150,154,152,149,156,163,152,140,139,168,87,231,195,178,63,0,0,0,0,0,52,188,217,224,107,178,174,156,165,184,162,180,174,161,171,182,166,180,86,255,186,170,72,0,0,0,0,0,58,207,232,229,120,177,181,152,160,189,183,223,167,139,156,173,179,178,62,230,146,183,78,0,0,0,0,0,70,219,232,234,175,156,185,146,164,186,186,203,155,151,160,155,198,182,131,237,164,176,101,0,0,0,0,0,91,183,198,212,151,159,178,155,159,187,195,191,152,156,156,140,210,191,137,226,203,199,100,0,0,0,0,0,98,189,192,219,150,149,166,147,148,187,211,178,152,157,148,143,188,187,125,213,200,192,96,0,0,0,0,0,87,203,171,207,171,183,172,168,165,176,199,185,161,161,161,170,187,186,155,209,195,175,63,0,0,0,0,0,44,193,217,84,80,99,79,88,125,203,171,169,199,181,186,116,118,133,114,170,221,179,4,0,0,0,0,0,0,74,133,6,0,0,0,0,0,0,0,0,0,0,0,0,0,0,0,15,160,100,0,0,0
0,0,0,0,0,0,0,2,0,0,12,55,98,52,45,70,47,0,0,1,0,0,0,0,0,0,0,0,0,0,0,0,0,0,0,0,0,39,52,93,144,83,66,86,78,48,0,0,0,0,0,0,0,0,0,0,0,0,0,0,0,0,0,0,35,67,36,118,151,60,28,63,44,60,52,0,0,0,0,0,0,0,0,0,0,0,0,0,0,0,0,0,51,43,29,90,211,232,157,90,22,21,53,9,0,0,0,0,0,0,0,0,0,0,0,0,0,0,2,36,63,99,70,63,246,241,164,116,80,110,145,117,28,0,0,0,0,0,0,0,0,0,0,0,0,0,36,66,56,63,109,55,223,255,225,110,134,105,79,76,87,49,0,0,0,0,0,0,0,0,0,0,0,0,52,43,59,62,39,25,44,229,228,43,40,43,62,51,56,74,12,0,0,0,0,0,0,0,0,0,0,9,58,48,49,58,60,47,16,234,180,17,59,55,64,53,60,75,40,0,0,0,0,0,0,0,0,0,0,29,59,40,48,40,47,56,32,78,60,41,60,49,59,49,78,72,63,0,0,0,0,0,0,0,0,0,0,37,68,53,37,47,45,49,22,156,93,28,56,53,62,58,103,55,79,0,0,0,0,0,0,0,0,0,0,52,56,66,41,41,48,49,31,89,60,37,48,56,56,63,93,49,87,1,0,0,0,0,0,0,0,0,10,66,60,99,55,39,47,47,37,76,62,39,51,60,58,72,113,47,98,20,0,0,0,0,0,0,0,0,9,63,71,113,48,39,47,51,35,85,67,39,63,64,59,110,140,52,87,43,0,0,0,0,0,0,0,0,14,53,68,106,29,48,47,55,37,74,58,45,58,62,59,121,120,37,95,52,0,0,0,0,0,0,0,0,24,56,67,124,36,47,48,51,39,75,76,47,51,68,71,117,140,60,76,60,0,0,0,0,0,0,0,0,43,62,70,114,36,43,49,49,33,75,78,39,53,66,74,98,126,62,68,89,0,0,0,0,0,0,0,0,49,68,107,116,12,56,44,52,33,74,75,33,66,49,101,86,103,85,86,109,0,0,0,0,0,0,0,0,44,71,114,97,18,66,44,52,44,67,79,47,59,33,133,91,49,121,76,110,40,0,0,0,0,0,0,0,53,68,121,37,16,55,47,52,40,66,83,47,49,49,97,91,29,102,70,109,60,0,0,0,0,0,0,0,47,56,113,32,18,55,47,59,37,60,91,33,60,62,63,90,8,114,76,80,49,0,0,0,0,0,0,0,48,59,99,20,29,52,49,55,41,64,89,35,64,48,55,111,14,59,70,67,36,0,0,0,0,0,0,0,45,63,106,0,52,52,49,48,43,58,90,49,56,59,59,99,43,21,83,76,52,0,0,0,0,0,0,0,45,63,97,0,43,48,52,48,41,55,94,43,58,70,55,85,49,5,86,75,45,0,0,0,0,0,0,0,45,70,67,14,86,41,49,51,45,58,89,36,67,63,53,80,56,1,86,71,48,0,0,0,0,0,0,0,58,99,51,45,118,39,52,48,47,55,63,55,64,53,67,70,78,0,82,91,68,0,0,0,0,0,0,0,14,25,10,29,39,49,53,44,45,48,49,64,51,62,64,58,90,6,0,13,8,0,0,0,0,0,0,0,0,0,0,60,60,53,53,55,55,53,66,63,62,70,70,76,93,36,0,0,0,0,0,0,0,0,0,0,0,0,4,53,45,53,44,43,39,43,45,41,62,49,60,56,67,22,0,2,0,0,0,0
0,0,0,0,0,1,0,0,0,65,99,0,0,0,0,0,0,0,106,60,0,0,0,0,0,0,0,0,0,0,0,0,0,1,0,17,190,206,202,145,148,146,148,166,165,189,212,210,202,0,0,0,0,0,0,0,0,0,0,0,0,0,0,160,229,193,189,197,169,182,109,165,156,202,198,196,233,96,0,0,0,0,0,0,0,0,0,0,0,0,2,199,198,213,193,201,207,196,172,211,206,207,200,202,208,217,0,0,0,0,0,0,0,0,0,0,0,0,139,205,200,207,190,192,210,210,208,212,208,197,201,210,206,205,83,0,0,0,0,0,0,0,0,0,0,2,196,220,200,200,190,193,199,222,222,225,199,198,210,212,218,227,189,0,0,0,0,0,0,0,0,0,0,0,0,162,215,199,192,196,195,204,221,200,195,205,208,218,235,170,0,0,0,0,0,0,0,0,0,0,0,0,0,0,172,240,192,204,203,206,203,199,206,215,211,232,114,0,0,0,0,0,0,0,0,0,0,0,0,0,2,0,0,32,235,200,206,208,205,204,208,215,252,10,0,0,0,0,0,0,0,0,0,0,0,0,0,1,0,3,0,12,247,201,208,210,206,208,211,216,255,0,0,0,0,0,0,0,0,0,0,0,0,0,0,0,0,2,0,5,247,205,214,207,208,211,211,220,251,0,0,1,0,0,0,0,0,0,0,0,0,0,0,0,0,1,0,0,241,210,210,207,213,214,211,222,241,0,0,1,0,0,0,0,0,0,0,0,0,0,0,0,1,0,0,0,202,217,206,211,216,219,212,226,226,0,0,1,0,0,0,0,0,0,0,0,0,0,0,1,0,0,0,0,214,213,208,204,223,210,213,216,213,17,0,2,0,0,0,0,0,0,0,0,0,0,0,0,0,2,0,99,218,202,211,205,220,205,215,205,229,152,0,0,0,0,0,0,0,0,0,0,0,0,0,0,0,1,0,165,214,204,211,213,214,211,217,208,219,203,0,0,0,0,0,0,0,0,0,0,0,0,0,0,0,0,0,188,213,208,206,212,218,208,216,204,218,197,0,0,2,0,0,0,0,0,0,0,0,0,0,0,1,0,0,213,210,216,204,214,217,205,217,208,215,212,2,0,2,0,0,0,0,0,0,0,0,0,0,0,2,0,0,225,210,219,201,214,218,205,216,207,214,221,17,0,2,0,0,0,0,0,0,0,0,0,0,0,2,0,0,197,211,215,200,216,219,210,215,208,213,227,35,0,2,0,0,0,0,0,0,0,0,0,0,0,3,0,3,206,210,219,199,215,222,210,215,211,211,228,60,0,2,0,0,0,0,0,0,0,0,0,0,0,2,0,11,208,211,220,200,215,223,211,214,212,210,229,69,0,2,0,0,0,0,0,0,0,0,0,0,0,2,0,7,207,213,218,201,216,222,214,213,213,211,228,61,0,2,0,0,0,0,0,0,0,0,0,0,0,2,0,0,203,215,217,201,216,222,213,213,213,212,228,47,0,3,0,0,0,0,0,0,0,0,0,0,0,2,0,0,196,218,216,201,216,223,214,212,215,214,226,27,0,2,0,0,0,0,0,0,0,0,0,0,0,2,0,0,221,221,212,202,216,222,216,212,213,212,221,17,0,3,0,0,0,0,0,0,0,0,0,0,0,1,0,0,203,227,212,213,228,235,229,226,226,217,225,17,0,2,0,0,0,0,0,0,0,0,0,0,0,0,0,0,176,216,202,184,178,188,184,185,183,199,207,3,0,2,0,0,0,0,0
0,0,0,0,0,0,0,0,9,0,0,0,0,0,0,0,0,0,0,4,0,0,0,0,0,0,0,0,0,0,0,0,0,0,0,0,0,6,30,3,4,4,13,21,30,49,31,0,0,0,0,0,0,0,0,0,0,0,0,0,0,0,0,0,0,158,229,214,215,208,212,215,214,227,228,0,0,0,0,0,0,0,0,0,0,0,0,0,0,0,0,0,0,202,206,205,212,233,244,214,200,205,196,0,0,0,0,0,0,0,0,0,0,0,0,0,0,0,0,0,0,226,208,196,182,240,211,202,194,194,252,0,0,0,0,0,0,0,0,0,0,0,0,0,0,0,0,0,0,232,204,203,176,217,208,205,192,184,251,31,0,0,0,0,0,0,0,0,0,0,0,0,0,0,0,0,8,253,202,199,180,205,196,190,202,192,233,57,0,0,0,0,0,0,0,0,0,0,0,0,0,0,0,0,26,250,185,197,180,199,196,182,203,187,209,72,0,0,0,0,0,0,0,0,0,0,0,0,0,0,0,0,43,241,190,197,184,199,198,181,204,179,198,92,0,0,0,0,0,0,0,0,0,0,0,0,0,0,0,0,44,241,197,193,184,206,210,187,206,176,202,98,0,0,0,0,0,0,0,0,0,0,0,0,0,0,0,0,50,239,194,181,188,190,151,204,192,175,200,95,0,0,0,0,0,0,0,0,0,0,0,0,0,0,0,0,62,233,194,178,193,186,153,215,188,170,197,98,0,0,0,0,0,0,0,0,0,0,0,0,0,0,0,0,70,228,192,175,196,173,127,215,194,170,194,107,0,0,0,0,0,0,0,0,0,0,0,0,0,0,0,0,76,228,192,170,197,167,111,205,194,170,194,114,0,0,0,0,0,0,0,0,0,0,0,0,0,0,0,0,79,235,192,169,203,162,104,210,196,167,199,121,0,0,0,0,0,0,0,0,0,0,0,0,0,0,0,0,82,238,193,167,211,145,80,216,192,168,199,126,0,0,0,0,0,0,0,0,0,0,0,0,0,0,0,0,82,233,192,165,223,119,43,221,190,179,199,129,0,0,0,0,0,0,0,0,0,0,0,0,0,0,0,0,89,232,187,159,227,93,22,233,185,176,194,134,0,0,0,0,0,0,0,0,0,0,0,0,0,0,0,0,96,233,188,162,242,80,0,238,186,175,198,144,0,0,0,0,0,0,0,0,0,0,0,0,0,0,0,0,97,238,193,162,254,48,0,224,194,176,200,147,0,0,0,0,0,0,0,0,0,0,0,0,0,0,0,0,97,241,196,169,250,14,0,206,205,178,200,147,0,0,0,0,0,0,0,0,0,0,0,0,0,0,0,0,91,244,190,182,246,3,0,190,202,181,204,145,0,0,0,0,0,0,0,0,0,0,0,0,0,0,0,0,82,246,200,188,233,0,0,165,204,192,206,140,0,0,0,0,0,0,0,0,0,0,0,0,0,0,0,0,82,212,204,198,199,0,0,138,208,191,202,132,0,0,0,0,0,0,0,0,0,0,0,0,0,0,0,0,115,232,214,220,163,0,0,109,211,199,215,164,0,0,0,0,0,0,0,0,0,0,0,0,0,0,0,0,76,199,175,209,116,0,0,63,194,179,202,95,0,0,0,0,0,0,0,0,0,0,0,0,0,0,0,0,0,0,0,0,0,0,0,0,3,0,0,0,0,0,0,0,0,0,0,0,0,0,0,0,0,0,0,0,6,0,0,0,0,8,4,0,0,0,3,7,0,0,0,0,0,0,0,0
0,0,0,0,0,0,0,1,1,1,0,0,27,103,120,125,59,0,0,1,0,1,0,0,0,0,0,0,0,0,0,0,0,0,0,1,1,0,0,75,178,160,139,140,166,98,0,0,0,1,1,0,0,0,0,0,0,0,0,0,0,0,0,0,2,0,81,175,183,157,150,131,131,164,47,0,2,0,0,0,0,0,0,0,0,0,0,0,0,0,0,1,0,0,156,194,219,149,157,194,167,193,156,6,0,2,0,0,0,0,0,0,0,0,0,0,0,0,0,0,0,0,117,152,111,109,101,93,99,116,160,21,0,4,0,0,0,0,0,0,0,0,0,0,0,0,0,0,0,0,158,176,116,159,119,126,136,144,147,35,0,6,1,0,0,0,0,0,0,0,0,0,0,1,2,0,0,99,130,115,117,133,132,136,201,159,156,115,0,0,2,0,0,0,0,0,0,0,0,0,0,0,4,0,66,149,140,126,124,120,135,118,124,106,133,143,145,0,0,1,0,0,0,0,0,0,0,0,0,0,1,0,123,133,127,153,109,148,104,116,119,86,139,118,132,18,0,3,0,0,0,0,0,0,0,0,0,1,0,0,138,152,152,140,86,139,114,115,139,136,137,132,138,66,0,5,0,0,0,0,0,0,0,0,0,3,0,21,148,120,147,108,139,138,139,94,144,120,123,167,143,111,0,4,0,0,0,0,0,0,0,0,0,4,0,99,127,81,116,115,97,119,131,112,134,112,125,178,129,135,0,0,0,0,0,0,0,0,0,0,0,3,0,120,128,145,143,112,113,143,130,156,140,111,143,163,118,140,7,0,0,0,0,0,0,0,0,0,0,0,0,164,114,121,159,137,109,142,83,118,118,82,139,171,115,139,43,0,0,0,0,0,0,0,0,0,0,0,17,152,137,181,135,111,143,144,93,95,116,115,151,173,155,153,97,0,0,0,0,0,0,0,0,0,0,0,23,166,82,159,141,83,95,118,129,137,156,126,160,172,113,132,121,0,0,0,0,0,0,0,0,0,0,0,106,154,88,170,213,214,226,255,133,224,215,208,223,155,126,159,128,0,0,0,0,0,0,0,0,0,0,0,116,142,132,145,219,218,216,247,117,219,224,218,224,191,132,114,151,0,0,0,0,0,0,0,0,0,0,0,126,148,150,189,216,217,216,243,118,220,225,217,224,211,103,117,163,0,0,0,0,0,0,0,0,0,0,0,152,94,89,195,220,217,214,243,119,221,227,219,220,216,122,172,184,11,0,0,0,0,0,0,0,0,0,15,164,95,123,214,220,217,214,243,120,222,227,220,216,229,131,105,175,23,0,0,0,0,0,0,0,0,0,36,137,133,138,189,229,215,215,242,119,220,225,219,227,253,171,110,181,65,0,0,0,0,0,0,0,0,0,55,165,132,101,219,222,218,217,242,122,222,224,235,200,189,157,101,177,66,0,0,0,0,0,0,0,0,0,76,149,155,140,210,221,219,218,244,122,222,220,236,104,28,215,128,177,70,0,0,0,0,0,0,0,0,0,61,120,128,144,222,221,218,216,221,148,207,219,217,217,236,189,91,196,85,0,0,0,0,0,0,0,0,0,70,133,151,166,193,223,234,236,243,165,226,243,238,233,197,175,131,120,74,0,0,0,0,0,0,0,0,0,63,185,167,139,0,0,47,73,92,49,89,91,79,36,0,3,177,203,69,0,0,0,0,0,0,0,0,0,0,175,162,0,0,0,0,0,0,0,0,0,0,0,0,0,149,159,0,0,0,0,0
0,0,0,0,0,0,0,0,0,0,0,0,0,0,0,0,0,0,0,0,0,0,0,0,0,0,0,0,0,0,0,0,0,0,0,0,0,0,0,0,0,0,0,0,0,0,0,0,0,0,0,0,0,0,0,0,0,0,0,0,0,0,0,0,0,0,0,0,0,0,0,0,0,0,0,0,0,0,0,0,0,0,0,0,1,0,0,0,0,0,0,0,0,1,0,1,0,3,1,0,1,0,1,0,1,0,0,0,0,0,0,0,0,0,45,40,52,0,0,0,0,0,0,0,0,0,0,0,0,0,0,0,0,0,0,0,0,0,0,0,10,96,174,128,126,114,84,100,114,77,98,77,77,93,86,84,87,107,91,94,87,87,86,91,96,103,123,26,87,144,42,103,175,167,66,117,112,133,114,121,140,131,110,149,131,110,137,128,112,105,167,186,138,98,135,63,61,140,94,156,160,145,128,65,91,205,133,165,163,75,98,160,168,140,181,124,93,131,184,181,124,119,196,38,100,168,170,126,161,177,191,63,116,170,153,154,123,75,91,131,172,168,191,124,70,170,161,117,153,205,219,47,82,189,165,161,163,198,175,98,196,144,172,126,189,156,112,184,126,189,175,174,121,172,193,182,191,189,207,52,93,156,96,168,177,158,144,121,84,149,193,193,133,73,100,110,156,230,142,70,102,126,182,200,200,158,149,29,116,138,144,182,177,172,181,191,54,145,232,91,82,165,193,96,93,221,103,79,186,202,165,189,216,167,116,42,65,145,109,119,182,198,87,110,172,165,93,68,179,198,193,153,75,112,167,191,144,105,181,219,175,172,163,59,54,218,175,86,138,156,58,177,191,221,110,58,86,168,170,103,109,119,184,189,163,56,123,198,102,198,207,61,93,168,165,128,77,82,117,131,117,158,80,149,188,112,123,163,158,110,175,163,153,131,93,86,124,202,205,89,56,177,153,89,170,128,87,211,154,182,154,175,218,124,116,253,175,133,204,191,216,138,100,174,119,151,230,51,61,116,123,154,221,144,79,177,193,193,153,109,188,145,138,209,121,130,212,211,219,109,137,255,195,114,153,72,86,102,114,138,177,130,172,200,181,172,212,149,133,96,105,100,151,170,163,184,216,175,102,204,211,116,124,73,72,114,138,86,112,147,147,140,172,165,147,153,94,112,94,117,156,151,182,165,161,177,161,165,91,130,149,49,70,121,195,175,177,193,112,80,198,154,102,109,195,189,170,181,110,58,177,209,107,61,181,207,179,207,170,63,47,112,154,161,177,119,49,98,142,107,112,119,163,186,181,188,131,102,133,158,131,94,147,184,193,205,158,43,86,200,174,161,156,209,154,109,175,170,100,161,182,174,174,198,167,112,177,165,112,142,193,179,195,202,195,100,73,130,138,182,175,154,147,119,188,184,151,145,172,172,160,131,135,137,177,188,144,147,163,181,188,163,131,61,87,109,114,205,156,100,80,140,174,184,168,87,138,168,158,105,91,121,170,182,128,140,124,109,181,96,102,93,45,98,94,121,124,142,117,116,94,170,147,110,124,123,105,110,100,94,96,119,116,112,140,102,140,123,156,70,0,0,0,0,0,0,0,0,0,0,0,0,0,0,0,0,0,0,0,0,0,0,0,0,0,0,0,0,0,0,0,0,0,0,0,0,0,0,0,0,0,0,0,0,0,0,0,0,0,0,0,0,0,0,0,0,0,0,0,0,0,0,0,0,0,0,0,0,0,0,0,0,0,0,0,0,0,0,0,0,0,0,0,0
0,0,0,0,0,0,0,0,0,0,90,156,177,182,196,176,117,0,0,0,0,0,0,0,0,0,0,0,0,0,0,0,0,0,2,0,0,239,253,239,214,226,214,231,245,248,0,0,1,0,0,0,0,0,0,0,0,0,0,0,0,0,0,0,36,241,203,219,192,190,193,207,200,232,135,0,0,2,0,0,0,0,0,0,0,0,0,0,1,0,0,33,167,227,229,234,228,234,244,215,211,214,208,120,0,0,2,0,0,0,0,0,0,0,0,0,0,0,157,227,207,207,229,229,232,207,241,227,235,224,203,221,176,0,0,2,0,0,0,0,0,0,0,0,0,65,218,189,192,187,196,189,188,202,181,195,222,219,190,180,217,125,0,0,0,0,0,0,0,0,0,0,0,158,213,196,196,191,188,186,179,192,177,192,126,155,193,189,200,166,0,0,0,0,0,0,0,0,0,0,0,163,217,211,176,188,188,186,183,196,180,191,165,170,216,204,200,195,0,0,0,0,0,0,0,0,0,0,0,183,215,234,185,182,186,183,184,198,181,185,195,188,203,245,207,209,37,0,0,0,0,0,0,0,0,0,0,196,215,240,209,188,183,186,186,190,186,188,188,183,212,253,205,217,64,0,0,0,0,0,0,0,0,0,0,235,213,246,209,190,190,195,194,192,192,192,196,189,209,252,206,217,109,0,0,0,0,0,0,0,0,0,18,246,209,253,212,201,209,195,202,204,203,206,207,201,214,251,205,216,160,0,0,0,0,0,0,0,0,0,48,249,208,253,217,196,197,191,195,193,194,196,196,194,214,247,206,216,189,0,0,0,0,0,0,0,0,0,71,244,206,255,216,195,196,194,197,196,196,195,203,197,197,238,216,215,184,0,0,0,0,0,0,0,0,0,91,248,206,255,211,194,197,193,196,195,195,195,199,201,191,247,217,214,198,0,0,0,0,0,0,0,0,0,109,224,206,237,187,195,198,193,197,195,194,194,197,203,197,193,211,217,215,0,0,0,0,0,0,0,0,0,118,230,205,222,166,204,195,195,198,196,193,192,196,200,206,161,207,219,220,0,0,0,0,0,0,0,0,0,110,234,210,183,147,217,189,193,197,197,194,191,194,198,212,136,213,221,220,5,0,0,0,0,0,0,0,0,109,239,209,167,146,219,186,192,196,198,194,191,192,195,223,117,206,227,219,31,0,0,0,0,0,0,0,0,105,241,212,142,146,218,182,191,193,196,196,192,190,190,232,100,166,238,218,48,0,0,0,0,0,0,0,0,99,240,219,115,152,212,180,190,191,192,198,195,187,185,235,99,133,244,216,63,0,0,0,0,0,0,0,0,95,238,225,86,163,203,181,188,190,191,195,195,189,181,226,112,133,245,216,83,0,0,0,0,0,0,0,0,102,238,228,79,165,198,182,186,189,192,192,191,191,182,217,113,131,250,209,95,0,0,0,0,0,0,0,0,113,234,239,103,155,199,182,187,191,192,191,190,191,183,212,130,128,243,203,103,0,0,0,0,0,0,0,0,114,220,251,106,144,187,180,184,187,188,187,186,185,183,190,144,103,236,202,110,0,0,0,0,0,0,0,0,114,208,252,71,176,202,195,198,202,202,201,201,201,197,202,178,81,233,205,116,0,0,0,0,0,0,0,0,109,238,255,38,105,166,156,159,161,162,159,156,156,155,170,112,44,241,224,136,0,0,0,0,0,0,0,0,33,177,179,16,0,0,0,0,0,0,0,0,0,0,0,0,0,163,165,53,0,0,0,0
0,0,0,0,0,0,0,0,0,0,0,14,0,0,0,0,51,0,0,0,0,0,0,0,0,0,0,0,0,0,0,0,0,0,0,0,0,139,214,218,220,164,206,243,233,205,93,0,0,0,0,0,0,0,0,0,0,0,0,0,0,0,0,0,130,253,225,226,233,229,232,230,219,227,249,63,0,0,0,0,0,0,0,0,0,0,0,0,0,0,0,0,203,237,221,222,221,222,219,220,224,218,233,191,0,0,0,0,0,0,0,0,0,0,0,0,0,0,0,0,232,237,224,225,224,224,222,221,225,218,224,253,0,0,0,0,0,0,0,0,0,0,0,0,0,0,0,0,255,232,223,225,222,221,219,216,219,212,223,255,30,0,0,0,0,0,0,0,0,0,0,0,0,0,0,5,255,230,224,221,223,218,219,217,221,214,229,255,89,0,0,0,0,0,0,0,0,0,0,0,0,0,0,32,255,228,221,220,223,221,221,218,217,221,232,255,113,0,0,0,0,0,0,0,0,0,0,0,0,0,0,78,255,227,218,220,221,226,225,219,215,232,168,255,148,0,0,0,0,0,0,0,0,0,0,0,0,0,0,115,255,237,221,221,218,228,227,219,216,241,107,255,152,0,0,0,0,0,0,0,0,0,0,0,0,0,0,144,255,218,223,220,215,223,222,215,216,240,119,255,154,0,0,0,0,0,0,0,0,0,0,0,0,0,0,167,255,102,224,223,215,219,220,213,213,234,131,255,165,0,0,0,0,0,0,0,0,0,0,0,0,0,0,170,255,34,221,229,215,217,217,214,216,238,102,254,175,0,0,0,0,0,0,0,0,0,0,0,0,0,0,172,255,27,235,225,215,214,215,215,213,246,104,253,181,0,0,0,0,0,0,0,0,0,0,0,0,0,0,173,255,18,249,217,215,215,215,216,210,241,95,247,183,0,0,0,0,0,0,0,0,0,0,0,0,0,0,172,255,19,252,214,216,215,214,215,211,245,106,244,176,0,0,0,0,0,0,0,0,0,0,0,0,0,0,164,254,27,253,212,217,216,214,215,214,243,110,243,145,0,0,0,0,0,0,0,0,0,0,0,0,0,0,169,255,42,253,211,215,218,218,215,215,233,149,255,141,0,0,0,0,0,0,0,0,0,0,0,0,0,0,103,131,49,253,212,216,222,219,217,214,249,128,122,78,0,0,0,0,0,0,0,0,0,0,0,0,0,0,0,0,58,254,218,217,225,218,219,212,253,110,0,0,0,0,0,0,0,0,0,0,0,0,0,0,0,0,4,0,64,237,219,220,229,217,222,217,235,129,0,3,0,0,0,0,0,0,0,0,0,0,0,0,0,0,3,0,54,239,221,222,231,215,225,217,237,125,0,2,0,0,0,0,0,0,0,0,0,0,0,0,0,0,3,0,50,241,220,224,233,212,227,217,241,120,0,2,0,0,0,0,0,0,0,0,0,0,0,0,0,0,3,0,41,242,222,226,236,213,228,220,243,113,0,2,0,0,0,0,0,0,0,0,0,0,0,0,0,0,3,0,33,242,224,228,239,216,230,221,245,97,0,2,0,0,0,0,0,0,0,0,0,0,0,0,0,0,3,0,13,237,224,226,235,208,226,218,246,65,0,3,0,0,0,0,0,0,0,0,0,0,0,0,0,0,1,0,0,217,244,245,255,253,241,236,248,22,0,1,0,0,0,0,0,0,0,0,0,0,0,0,0,0,0,0,0,115,181,103,54,141,146,134,101,0,0,1,0,0,0,0,0,0,0
0,0,0,0,0,1,0,0,0,0,0,0,0,0,0,0,0,0,0,0,0,1,1,0,0,0,0,0,0,0,0,0,1,0,0,0,12,29,182,212,180,208,205,188,211,210,33,10,0,0,0,1,0,0,0,0,0,0,0,0,0,0,60,93,112,101,120,198,200,205,206,189,209,173,89,116,105,52,0,0,0,0,0,0,0,0,0,0,0,91,118,90,87,90,59,77,160,178,182,183,162,64,73,87,90,122,91,0,0,0,0,0,0,0,0,0,35,119,75,80,87,86,82,71,48,77,84,62,48,79,88,91,80,77,120,36,0,0,0,0,0,0,0,0,71,105,84,86,91,86,83,83,88,81,75,80,77,81,86,88,86,90,108,75,0,0,0,0,0,0,0,0,94,104,92,91,84,68,69,57,139,110,124,128,114,65,80,82,84,88,109,109,0,0,0,0,0,0,0,0,111,110,86,83,92,120,128,126,131,94,130,97,118,112,101,90,80,93,138,116,0,0,0,0,0,0,0,18,103,115,105,73,130,159,124,108,113,103,110,109,124,109,153,139,73,121,129,113,21,0,0,0,0,0,0,30,94,110,155,82,83,68,125,146,126,145,148,160,146,141,86,77,100,162,92,108,23,0,0,0,0,0,0,88,118,96,160,115,85,105,88,95,108,99,104,104,91,120,100,46,154,145,100,126,87,0,0,0,0,0,0,109,232,174,202,119,75,147,148,162,134,172,150,121,147,157,165,67,254,208,190,239,88,0,0,0,0,0,0,0,0,1,14,12,106,72,103,88,82,85,93,90,104,100,109,91,85,0,0,0,0,0,0,0,0,0,0,0,0,0,0,12,101,90,91,87,92,84,89,84,75,86,76,102,23,0,0,0,0,0,0,0,0,0,0,0,0,2,0,23,92,101,91,97,92,92,94,96,94,97,87,114,34,0,3,0,0,0,0,0,0,0,0,0,0,1,0,28,91,102,86,94,94,99,96,94,91,94,85,106,35,0,1,0,0,0,0,0,0,0,0,0,0,2,0,30,101,102,82,92,89,93,93,90,89,95,83,110,36,0,2,0,0,0,0,0,0,0,0,0,0,1,0,27,107,93,87,96,91,90,92,92,94,97,90,104,43,0,2,0,0,0,0,0,0,0,0,0,0,1,0,27,105,82,89,92,87,93,90,89,93,97,90,99,43,0,2,0,0,0,0,0,0,0,0,0,0,1,0,33,101,85,95,91,90,96,94,92,95,96,95,102,42,0,2,0,0,0,0,0,0,0,0,0,0,2,0,36,99,88,91,93,95,97,95,92,92,95,94,106,34,0,1,0,0,0,0,0,0,0,0,0,0,1,0,40,99,90,82,96,90,90,93,91,89,96,93,102,40,0,1,0,0,0,0,0,0,0,0,0,0,1,0,36,104,87,90,90,91,92,93,93,90,90,92,94,51,0,0,0,0,0,0,0,0,0,0,0,0,0,0,42,107,82,93,91,88,93,92,91,90,88,91,96,57,0,0,0,0,0,0,0,0,0,0,0,0,0,0,55,102,87,92,93,92,94,91,91,95,95,94,103,60,0,0,0,0,0,0,0,0,0,0,0,0,0,0,52,102,83,87,94,95,92,92,90,87,93,89,94,67,0,0,0,0,0,0,0,0,0,0,0,0,0,0,54,111,89,94,100,100,97,94,92,90,94,93,100,84,0,0,1,0,0,0,0,0,0,0,0,0,0,0,53,94,77,83,82,84,84,81,82,84,85,86,96,76,0,0,0,0,0,0,0
0,0,0,1,0,0,0,0,0,70,173,202,169,180,179,182,219,179,61,0,0,0,0,0,0,0,0,0,0,0,0,0,0,0,32,180,237,248,232,234,255,255,255,255,235,234,255,236,191,32,0,0,0,0,0,0,0,0,0,4,0,47,225,220,202,199,193,208,191,205,179,218,211,181,202,212,226,230,59,0,1,0,0,0,0,0,0,0,0,187,234,208,201,206,193,226,237,225,200,232,227,201,218,212,214,229,201,0,0,0,0,0,0,0,0,0,23,229,207,202,195,198,201,192,244,204,209,236,229,176,234,207,204,202,220,29,0,0,0,0,0,0,0,0,131,253,221,207,222,199,190,192,217,231,187,254,217,205,219,209,200,201,232,128,0,0,0,0,0,0,0,0,196,235,214,189,233,255,217,187,198,234,216,255,206,226,208,204,197,220,255,182,0,0,0,0,0,0,0,0,205,226,231,208,193,222,247,224,186,208,255,253,223,187,217,204,198,238,228,218,0,0,0,0,0,0,0,0,227,227,222,206,207,198,204,242,238,192,231,240,232,237,255,251,209,236,209,227,0,0,0,0,0,0,0,0,255,227,229,212,204,199,211,219,238,242,229,226,215,206,209,222,244,230,219,255,0,0,0,0,0,0,0,0,233,234,233,218,201,209,191,216,202,241,212,192,197,209,219,184,230,235,224,250,0,0,0,0,0,0,0,19,236,224,208,213,208,236,241,196,217,231,188,204,210,197,218,188,243,221,220,255,0,0,0,0,0,0,0,49,255,227,232,210,217,195,233,255,248,239,209,198,194,204,227,227,237,214,225,255,15,0,0,0,0,0,0,84,255,224,255,203,217,236,223,255,255,255,255,255,244,216,220,235,241,212,227,255,41,0,0,0,0,0,0,89,254,208,255,203,221,226,208,205,244,239,243,247,218,209,185,211,232,224,223,253,54,0,0,0,0,0,0,100,240,205,255,206,212,214,248,244,211,194,244,205,218,255,209,243,217,237,220,251,65,0,0,0,0,0,0,117,236,197,251,222,204,240,207,222,221,232,231,193,196,235,224,231,236,241,219,242,76,0,0,0,0,0,0,117,234,196,248,208,226,203,223,250,245,245,248,226,204,253,242,245,244,243,216,241,83,0,0,0,0,0,0,113,234,211,249,119,223,195,232,235,224,208,255,244,220,231,209,205,249,246,216,241,84,0,0,0,0,0,0,114,233,218,250,57,235,219,217,214,252,234,209,255,255,246,202,189,255,255,214,242,93,0,0,0,0,0,0,131,228,218,237,41,249,227,197,204,255,233,224,226,216,250,238,192,207,236,215,231,118,0,0,0,0,0,0,136,209,224,189,50,255,210,218,241,217,243,215,190,201,195,201,212,162,192,228,226,149,0,0,0,0,0,0,138,208,243,148,45,255,230,234,201,206,211,244,219,207,209,200,225,151,166,226,215,144,0,0,0,0,0,0,133,206,243,117,0,234,212,210,208,211,208,212,220,208,203,201,220,93,133,228,222,154,0,0,0,0,0,0,135,226,226,91,0,255,209,212,213,212,213,212,212,213,212,208,255,65,125,235,207,128,0,0,0,0,0,0,107,215,224,73,0,42,22,21,21,22,22,22,22,21,21,17,38,0,114,234,205,72,0,0,0,0,0,0,88,225,229,16,0,0,0,0,0,0,0,0,0,0,0,0,0,0,51,248,225,48,0,0,0,0,0,0,38,144,137,0,0,4,2,3,2,2,2,2,2,2,2,2,5,0,14,158,147,0,0,0,0
0,0,0,0,0,0,0,0,0,0,0,0,0,0,0,0,0,0,0,0,2,0,1,0,0,0,0,0,0,0,0,0,0,0,1,0,8,80,149,190,174,194,190,174,184,128,44,0,0,3,0,0,0,0,0,0,0,0,0,0,0,5,0,24,219,227,172,216,214,198,201,217,208,171,206,165,0,0,1,0,0,0,0,0,0,0,0,0,1,0,0,110,183,133,124,224,224,191,219,255,204,139,150,198,27,0,0,0,0,0,0,0,0,0,0,0,0,0,120,137,138,136,104,166,248,230,243,246,106,127,129,133,146,88,0,0,0,0,0,0,0,0,0,0,0,31,141,107,129,143,166,130,224,255,253,199,151,186,129,113,90,150,20,0,0,0,0,0,0,0,0,0,0,83,117,97,90,119,163,114,190,235,225,176,116,175,99,99,101,118,83,0,0,0,0,0,0,0,0,0,0,99,116,101,97,119,123,77,87,157,139,86,78,138,97,108,98,119,108,0,0,0,0,0,0,0,0,0,0,110,116,103,91,122,124,102,100,123,117,98,101,145,100,105,99,124,132,0,0,0,0,0,0,0,0,0,0,117,128,125,85,135,124,100,98,147,138,102,101,144,105,98,125,135,146,0,0,0,0,0,0,0,0,0,0,131,125,155,95,124,106,109,92,144,137,97,107,124,112,109,122,139,132,0,0,0,0,0,0,0,0,0,0,144,118,154,105,109,102,112,94,143,139,97,109,104,108,111,98,142,146,0,0,0,0,0,0,0,0,0,8,158,118,151,101,107,103,110,93,141,140,96,113,105,108,103,117,133,160,0,0,0,0,0,0,0,0,0,21,164,118,156,116,109,110,117,96,141,145,99,117,111,112,107,132,139,170,6,0,0,0,0,0,0,0,0,29,166,118,172,125,105,105,123,104,154,142,105,120,118,111,113,139,155,175,13,0,0,0,0,0,0,0,0,34,174,121,152,115,106,97,103,98,153,146,103,107,106,100,106,134,170,170,23,0,0,0,0,0,0,0,0,38,179,125,148,123,103,120,128,163,158,159,151,116,129,116,115,131,185,164,32,0,0,0,0,0,0,0,0,41,173,136,146,114,103,102,114,96,148,144,102,121,125,114,101,130,197,154,39,0,0,0,0,0,0,0,0,51,162,148,150,107,106,101,116,105,146,139,97,106,99,110,95,131,196,150,49,0,0,0,0,0,0,0,0,62,146,159,136,101,103,107,119,98,149,141,104,109,110,102,94,138,196,136,60,0,0,0,0,0,0,0,0,68,128,165,139,95,102,103,113,101,151,140,109,112,107,110,97,164,196,120,66,0,0,0,0,0,0,0,0,69,127,156,157,88,103,110,122,107,145,149,100,119,108,117,84,177,194,113,69,0,0,0,0,0,0,0,0,67,137,158,181,95,113,109,119,112,140,151,108,124,108,118,94,182,184,123,65,0,0,0,0,0,0,0,0,62,134,168,167,62,101,93,102,98,140,142,99,103,84,94,59,146,193,120,64,0,0,0,0,0,0,0,0,61,120,177,114,124,158,160,167,116,150,140,122,168,168,162,130,119,195,121,69,0,0,0,0,0,0,0,0,51,122,181,44,176,195,184,175,92,119,108,117,187,181,194,191,49,185,120,67,0,0,0,0,0,0,0,0,50,137,184,20,0,0,0,0,0,0,0,0,0,0,0,0,24,182,135,69,0,0,0,0,0,0,0,0,72,145,148,11,0,0,0,0,0,0,0,0,0,0,0,0,12,151,149,64,0,0,0,0
0,0,0,0,0,0,0,0,0,0,105,170,170,170,158,146,143,86,0,0,0,0,0,0,0,0,0,0,0,0,0,0,0,0,0,0,0,11,185,181,193,206,178,181,186,188,0,0,0,0,0,0,0,0,0,0,0,0,0,0,0,0,0,0,0,33,195,153,160,173,160,160,155,196,45,0,0,0,0,0,0,0,0,0,0,0,0,0,0,0,0,0,0,81,188,158,181,196,178,180,160,188,85,0,0,0,0,0,0,0,0,0,0,0,0,0,0,0,0,0,0,116,183,168,180,213,186,176,180,190,105,0,0,0,0,0,0,0,0,0,0,0,0,0,0,0,0,0,0,120,171,155,165,191,173,165,165,193,110,0,0,0,0,0,0,0,0,0,0,0,0,0,0,0,0,0,0,106,181,155,156,243,238,156,156,181,110,0,0,0,0,0,0,0,0,0,0,0,0,0,0,0,0,0,0,76,193,146,176,141,163,198,155,195,83,0,0,0,0,0,0,0,0,0,0,0,0,0,0,0,0,0,0,46,201,145,208,78,101,210,156,201,40,0,0,0,0,0,0,0,0,0,0,0,0,0,0,0,0,0,0,38,208,160,221,76,110,225,166,206,35,0,0,0,0,0,0,0,0,0,0,0,0,0,0,0,0,0,0,33,211,158,226,51,86,231,165,200,25,0,0,0,0,0,0,0,0,0,0,0,0,0,0,0,0,0,0,20,210,158,235,41,68,235,163,196,11,0,0,0,0,0,0,0,0,0,0,0,0,0,0,0,0,0,0,0,211,173,228,26,46,245,171,191,0,0,0,0,0,0,0,0,0,0,0,0,0,0,0,0,0,0,0,0,205,173,231,8,33,250,170,176,0,0,0,0,0,0,0,0,0,0,0,0,0,0,0,0,0,0,0,0,198,171,226,0,8,251,173,165,0,0,0,0,0,0,0,0,0,0,0,0,0,0,0,0,0,0,0,0,191,173,228,0,0,255,180,161,0,0,0,0,0,0,0,0,0,0,0,0,0,0,0,0,0,0,0,0,173,175,238,0,0,255,188,168,0,0,0,0,0,0,0,0,0,0,0,0,0,0,0,0,0,0,0,0,168,176,235,0,0,250,191,171,0,0,0,0,0,0,0,0,0,0,0,0,0,0,0,0,0,0,0,0,165,180,226,0,0,246,190,171,0,0,0,0,0,0,0,0,0,0,0,0,0,0,0,0,0,0,0,0,165,186,220,0,0,238,183,166,0,0,0,0,0,0,0,0,0,0,0,0,0,0,0,0,0,0,0,0,151,195,218,0,0,233,195,171,0,0,0,0,0,0,0,0,0,0,0,0,0,0,0,0,0,0,0,0,148,193,211,0,0,228,200,178,0,0,0,0,0,0,0,0,0,0,0,0,0,0,0,0,0,0,0,0,145,196,205,0,0,221,206,186,0,0,0,0,0,0,0,0,0,0,0,0,0,0,0,0,0,0,0,0,146,201,206,0,0,215,211,191,0,0,0,0,0,0,0,0,0,0,0,0,0,0,0,0,0,0,0,0,140,200,208,0,0,208,218,203,0,0,0,0,0,0,0,0,0,0,0,0,0,0,0,0,0,0,0,0,145,206,200,0,0,211,226,188,0,0,0,0,0,0,0,0,0,0,0,0,0,0,0,0,0,0,0,0,148,213,211,0,0,206,235,181,0,0,0,0,0,0,0,0,0,0,0,0,0,0,0,0,0,0,0,0,130,196,180,0,0,176,218,156,0,0,0,0,0,0,0,0,0,0
0,0,0,0,0,0,0,0,0,0,0,0,5,0,89,108,0,4,0,0,0,0,0,0,0,0,0,0,0,0,0,0,0,0,0,0,0,0,0,6,0,79,138,103,0,0,1,0,0,0,0,0,0,0,0,0,0,0,0,0,0,0,0,0,0,0,0,4,0,186,58,97,83,0,6,0,0,0,0,0,0,0,0,0,0,0,0,0,0,0,0,0,0,0,2,0,0,208,0,130,146,0,9,0,0,0,0,0,0,0,0,0,0,0,0,0,0,0,0,0,0,0,7,0,82,185,0,86,217,0,0,1,0,0,0,0,0,0,0,0,0,0,0,0,0,0,0,0,0,0,8,0,139,157,0,28,253,43,0,5,0,0,0,0,0,0,0,0,0,0,0,0,0,0,0,0,0,0,5,0,177,67,0,0,255,106,0,9,0,0,0,0,0,0,0,0,0,0,0,0,0,0,0,1,1,2,0,0,194,0,0,0,230,163,0,2,2,2,0,0,0,0,0,0,0,0,0,0,0,0,0,0,0,0,0,51,186,0,0,0,194,209,0,0,0,0,0,0,0,0,0,0,0,0,0,0,0,0,0,0,0,0,0,135,185,0,0,0,151,240,0,0,12,6,0,0,0,0,0,0,0,0,0,0,0,0,0,149,146,195,104,198,157,7,42,0,133,242,193,217,142,147,0,0,0,0,0,0,0,0,0,0,0,0,0,169,164,192,144,208,181,143,128,137,147,209,211,182,111,118,0,0,0,0,0,0,0,0,0,0,0,0,0,122,170,191,95,208,172,119,195,183,119,211,215,185,119,114,0,0,0,0,0,0,0,0,0,0,0,0,0,88,150,237,102,224,222,140,179,151,161,221,207,201,136,122,0,0,0,0,0,0,0,0,0,0,0,0,0,77,170,192,177,126,125,238,158,169,222,108,126,221,146,82,0,0,0,0,0,0,0,0,0,0,0,0,0,36,188,189,183,123,176,208,143,133,191,193,136,208,146,93,0,0,0,0,0,0,0,0,0,0,0,0,0,0,186,195,145,122,180,184,172,173,151,169,145,211,143,99,0,0,0,0,0,0,0,0,0,0,0,0,0,0,174,199,155,131,154,188,192,174,171,157,130,209,149,94,0,0,0,0,0,0,0,0,0,0,0,0,0,0,166,205,149,123,156,195,94,90,161,161,135,205,163,90,0,0,0,0,0,0,0,0,0,0,0,0,0,0,179,202,163,131,154,164,124,149,138,171,145,208,161,92,0,0,0,0,0,0,0,0,0,0,0,0,0,0,166,200,167,129,151,174,94,85,151,163,145,217,158,80,0,0,0,0,0,0,0,0,0,0,0,0,0,0,174,200,171,133,149,176,201,174,185,138,131,222,166,87,0,0,0,0,0,0,0,0,0,0,0,0,0,0,181,198,168,122,172,191,168,186,174,186,139,213,164,97,0,0,0,0,0,0,0,0,0,0,0,0,0,1,182,199,163,121,177,219,148,156,197,190,139,219,149,107,0,0,0,0,0,0,0,0,0,0,0,0,0,8,180,201,158,125,128,226,174,141,223,147,125,228,157,110,0,0,0,0,0,0,0,0,0,0,0,0,0,6,161,196,160,120,179,204,136,142,171,183,131,195,159,110,0,0,0,0,0,0,0,0,0,0,0,0,0,0,188,208,172,155,175,157,201,210,162,186,177,214,181,138,0,0,0,0,0,0,0,0,0,0,0,0,0,0,123,181,132,113,114,134,93,82,116,109,102,154,118,67,0,0,0,0,0,0
0,0,0,0,0,0,0,0,0,0,0,0,0,0,0,0,0,0,0,0,0,0,0,0,0,0,0,0,0,0,0,0,0,0,0,0,0,0,0,0,0,0,0,0,0,0,0,0,0,0,0,0,0,0,0,0,0,0,0,0,0,0,0,0,0,0,0,0,0,0,0,0,0,0,0,0,0,0,0,0,0,0,0,0,0,0,0,0,0,0,0,0,0,0,0,0,0,0,0,0,0,0,0,0,0,0,0,0,0,0,0,0,0,0,0,0,0,0,0,0,0,0,0,0,0,0,0,0,0,0,0,0,0,0,0,0,0,0,0,0,0,0,0,0,0,0,0,0,0,0,0,0,0,0,0,0,0,0,0,0,0,0,0,0,0,0,0,0,0,0,0,0,0,0,0,0,0,0,0,0,0,0,0,0,0,0,0,0,0,0,0,0,0,0,0,0,0,0,0,0,0,0,0,0,0,0,0,0,0,0,0,0,0,0,0,0,0,0,0,0,0,0,0,0,0,0,0,0,0,0,0,0,0,5,0,0,0,1,1,0,0,0,5,1,1,0,6,0,5,0,0,0,0,0,0,0,0,0,0,0,0,1,2,1,1,2,0,0,100,9,0,0,0,0,0,3,100,14,0,0,0,0,0,0,0,0,0,0,0,0,0,0,0,0,3,33,173,191,67,0,0,0,0,106,74,28,0,0,0,0,0,0,0,0,1,0,0,0,0,0,15,101,167,210,171,179,184,144,105,71,107,70,0,96,40,0,0,2,1,1,5,0,0,0,0,61,65,94,167,205,152,139,120,117,175,212,217,213,208,208,187,217,115,0,2,0,0,0,0,7,85,0,33,141,217,218,180,109,143,160,170,134,126,131,131,143,201,204,195,199,141,0,0,0,39,75,115,174,253,118,187,192,126,113,115,162,179,179,169,165,157,150,166,215,209,210,199,199,191,0,20,163,178,187,192,162,167,206,193,174,136,122,128,136,189,188,200,188,158,174,208,183,187,195,187,187,193,0,93,178,162,167,163,169,167,173,186,178,187,179,163,143,188,199,202,206,195,245,255,248,245,243,217,227,208,0,91,210,183,226,222,200,209,197,204,214,197,222,248,248,228,215,218,189,161,158,137,134,135,134,123,117,61,0,2,100,15,24,49,85,98,113,113,120,105,96,68,28,0,0,0,0,0,0,0,0,0,0,0,0,0,35,0,24,204,182,148,98,89,61,68,66,89,97,92,93,100,110,104,128,127,140,128,137,137,132,144,143,196,59,0,0,0,27,88,98,132,124,157,119,157,152,110,130,134,149,124,145,128,144,136,150,113,111,105,85,68,0,0,0,0,0,0,0,0,0,0,0,0,0,0,0,0,0,0,0,0,0,0,0,0,0,0,0,0,0,0,0,0,0,0,0,0,0,0,0,0,0,0,0,0,0,0,0,0,0,0,0,0,0,0,0,0,0,0,0,0,0,0,0,0,0,0,0,0,0,0,0,0,0,0,0,0,0,0,0,0,0,0,0,0,0,0,0,0,0,0,0,0,0,0,0,0,0,0,0,0,0,0,0,0,0,0,0,0,0,0,0,0,0,0,0,0,0,0,0,0,0,0,0,0,0,0,0,0,0,0,0,0,0,0,0,0,0,0,0,0,0,0,0,0,0,0,0,0,0,0,0,0,0,0,0,0,0,0,0,0,0,0,0,0,0,0,0,0,0,0,0,0,0,0,0,0,0,0,0,0,0,0,0,0,0,0,0,0,0,0,0,0,0,0,0,0,0
0,0,0,0,0,1,2,0,0,0,0,58,88,102,78,100,128,94,0,0,0,0,0,2,0,0,0,0,0,0,0,0,1,1,1,2,0,0,9,212,171,195,176,222,188,186,59,0,1,1,3,1,0,0,0,0,0,0,0,0,0,0,0,0,0,0,184,174,187,165,182,139,137,208,161,31,0,0,0,1,0,0,0,0,0,0,0,0,0,0,0,77,134,181,198,182,228,183,161,134,220,184,210,188,168,92,0,0,0,0,0,0,0,0,0,0,0,0,104,199,193,168,143,129,193,143,190,164,151,120,120,140,192,187,143,0,0,0,0,0,0,0,0,0,0,1,164,174,135,107,126,115,169,139,102,216,143,110,119,124,166,114,151,69,0,0,0,0,0,0,0,0,0,58,224,195,139,133,123,117,187,160,130,125,156,114,151,104,212,134,209,124,0,0,0,0,0,0,0,0,0,116,196,180,183,148,122,110,91,227,81,185,238,170,156,81,145,60,176,162,0,0,0,0,0,0,0,0,0,153,149,190,208,199,142,96,188,191,183,175,185,222,111,155,64,186,139,151,0,0,0,0,0,0,0,0,0,181,142,190,157,154,164,204,185,156,156,113,123,95,165,137,176,137,147,153,0,0,0,0,0,0,0,0,0,183,147,186,60,141,119,240,185,141,165,188,165,91,105,200,235,136,151,222,0,0,0,0,0,0,0,0,5,191,188,226,125,109,222,84,172,170,136,135,177,110,164,157,144,139,191,188,6,0,0,0,0,0,0,0,0,188,156,183,154,211,90,174,226,233,112,190,223,191,161,123,177,135,143,201,13,0,0,0,0,0,0,0,0,187,120,194,233,188,171,162,175,204,118,135,162,116,158,198,217,183,112,189,18,0,0,0,0,0,0,0,9,201,122,188,170,140,140,117,165,184,114,155,141,142,109,153,159,137,122,204,40,0,0,0,0,0,0,0,40,204,126,186,158,128,126,97,147,159,146,204,136,118,79,164,135,134,134,207,62,0,0,0,0,0,0,0,78,216,186,193,147,142,138,129,160,189,225,141,153,125,124,161,133,141,189,204,81,0,0,0,0,0,0,0,56,194,163,191,156,143,143,147,192,221,150,193,222,144,156,169,159,133,119,190,75,0,0,0,0,0,0,0,63,186,140,216,217,216,199,182,205,215,95,153,189,144,187,208,209,182,130,166,75,0,0,0,0,0,0,0,89,166,121,198,174,157,121,126,169,176,170,121,172,111,133,146,170,187,130,175,99,0,0,0,0,0,0,0,104,160,162,182,155,151,128,112,156,158,133,187,140,106,116,162,138,90,143,176,102,0,0,0,0,0,0,0,165,198,204,164,145,136,123,124,184,173,135,137,170,145,113,173,153,85,207,232,140,0,0,0,0,0,0,0,124,181,214,180,157,145,145,124,185,193,126,141,204,133,110,182,151,168,156,146,109,0,0,0,0,0,0,0,115,98,160,189,191,198,201,195,235,211,213,237,219,172,205,217,181,181,167,129,113,0,0,0,0,0,0,0,144,115,169,143,190,153,129,118,174,120,174,237,146,113,126,169,148,159,167,128,130,0,0,0,0,0,0,0,140,149,174,32,192,184,173,159,186,160,160,94,161,123,123,165,192,81,146,148,104,0,0,0,0,0,0,0,0,0,0,0,54,222,238,221,218,253,227,255,230,219,227,239,162,0,0,0,0,0,0,0,0,0,0,0,0,0,0,0,0,0,22,61,88,95,102,123,86,66,33,0,0,0,0,0,0,0,0,0
0,0,0,0,0,0,0,0,0,1,0,8,225,196,200,242,132,0,0,1,0,0,0,0,0,0,0,0,0,0,0,0,0,0,0,0,0,0,0,21,224,204,207,163,115,0,0,0,0,0,0,0,0,0,0,0,0,0,0,0,0,0,0,0,14,31,40,0,134,254,250,216,23,6,35,19,4,0,0,0,0,0,0,0,0,0,0,0,0,0,14,38,27,27,21,0,74,200,156,164,81,10,27,30,38,25,0,0,0,0,0,0,0,0,0,0,0,0,31,20,13,17,17,26,26,3,0,0,32,20,16,21,21,37,15,0,0,0,0,0,0,0,0,0,0,15,28,20,21,18,21,16,6,26,35,19,12,15,21,23,21,23,29,0,0,0,0,0,0,0,0,0,0,19,29,29,20,17,21,19,21,29,24,23,18,19,19,21,20,25,30,0,0,0,0,0,0,0,0,0,0,16,23,36,21,19,17,20,18,29,17,23,19,19,20,16,39,31,29,0,0,0,0,0,0,0,0,0,0,20,17,46,34,15,24,24,17,34,31,23,21,19,19,19,50,26,28,0,0,0,0,0,0,0,0,0,0,26,15,46,39,16,27,25,21,31,32,25,26,21,28,20,64,30,23,5,0,0,0,0,0,0,0,0,0,25,18,50,43,21,26,21,23,28,23,21,18,20,19,31,71,28,24,14,0,0,0,0,0,0,0,0,0,24,23,46,43,16,19,19,20,27,27,24,21,24,13,21,75,24,23,15,0,0,0,0,0,0,0,0,0,23,20,40,58,7,23,24,21,29,36,21,21,26,20,24,81,23,17,16,0,0,0,0,0,0,0,0,2,24,18,43,79,9,20,21,21,28,28,25,24,23,18,30,90,20,16,21,0,0,0,0,0,0,0,0,6,27,15,42,56,17,20,19,23,28,24,25,18,19,15,34,100,18,15,25,0,0,0,0,0,0,0,0,7,26,13,60,49,10,17,21,20,36,35,20,17,23,15,13,102,21,14,25,0,0,0,0,0,0,0,0,7,20,10,69,32,14,21,21,20,27,24,23,24,19,20,3,82,35,12,20,0,0,0,0,0,0,0,0,12,23,17,58,17,12,21,19,21,26,25,23,25,21,23,9,53,46,12,19,0,0,0,0,0,0,0,0,14,20,30,48,8,18,24,19,17,31,38,23,17,23,25,5,28,60,14,18,0,0,0,0,0,0,0,0,12,15,41,40,0,19,19,19,17,28,30,20,18,18,19,10,19,72,13,17,0,0,0,0,0,0,0,0,9,9,52,51,1,19,16,18,24,27,23,21,17,18,20,14,8,80,14,14,0,0,0,0,0,0,0,0,13,7,57,50,0,20,19,20,21,29,27,20,19,19,19,19,0,84,21,9,0,0,0,0,0,0,0,0,16,6,63,25,2,19,18,16,17,39,36,21,19,16,21,10,0,85,31,5,0,0,0,0,0,0,0,0,17,7,70,26,0,19,17,16,25,32,18,18,14,17,10,35,6,67,37,8,0,0,0,0,0,0,0,0,12,8,62,18,1,17,15,15,21,28,20,19,20,18,6,49,16,74,32,9,0,0,0,0,0,0,0,0,18,0,86,40,0,20,21,19,20,29,19,19,18,21,17,16,0,91,29,5,0,0,0,0,0,0,0,0,20,0,98,53,2,28,25,19,35,39,27,26,19,21,27,15,0,119,39,4,0,0,0,0,0,0,0,0,0,0,4,0,0,6,10,12,25,30,16,21,17,9,3,0,0,17,1,0,0,0,0,0
0,0,0,0,0,0,0,0,0,0,0,0,0,0,0,0,0,0,0,0,0,0,0,0,0,0,0,0,0,0,0,0,0,0,0,0,0,0,0,0,0,0,0,0,0,0,0,0,0,0,0,0,0,0,0,0,0,0,0,0,0,0,0,0,0,0,0,0,0,0,0,0,0,0,0,0,0,0,0,0,0,0,0,0,0,0,0,0,0,0,0,0,0,0,0,0,0,0,0,0,0,0,0,0,0,0,0,0,0,0,0,0,0,0,0,0,0,0,0,0,0,0,0,0,0,0,0,0,0,0,0,0,0,0,0,0,0,0,0,0,0,0,0,0,0,0,0,0,0,0,0,0,0,0,0,0,82,187,26,0,0,0,0,0,0,0,0,0,0,0,0,0,0,0,0,0,0,1,0,0,1,0,0,179,240,237,255,240,139,83,64,43,60,54,0,1,0,0,0,0,0,0,0,0,0,1,0,0,1,0,58,239,222,234,238,246,252,254,255,248,255,187,0,0,0,0,0,0,0,0,0,0,0,0,2,3,0,0,194,239,226,237,235,232,230,234,234,233,249,171,0,0,0,0,0,0,0,0,0,0,0,1,1,0,0,10,255,226,242,239,238,239,240,239,242,238,248,192,0,0,0,0,0,0,0,0,0,0,0,0,0,0,0,172,245,229,240,241,240,241,243,243,241,227,250,209,0,0,0,0,0,0,0,0,0,0,0,6,5,0,62,255,230,236,239,241,242,241,242,242,238,238,242,253,0,0,0,0,0,0,0,0,0,0,0,3,0,0,255,235,228,244,241,241,244,243,243,244,243,239,235,255,22,0,0,0,0,0,0,0,0,0,0,0,0,246,228,220,245,243,237,241,242,242,242,243,239,237,235,253,106,0,0,0,3,4,4,2,1,0,0,18,243,228,231,241,243,237,238,242,241,240,240,240,235,237,236,246,234,0,1,0,0,0,0,0,0,0,22,255,238,227,238,239,237,241,241,237,236,238,239,239,239,239,239,237,255,0,0,0,0,0,0,25,83,168,255,225,225,235,228,230,227,225,227,231,232,237,240,236,238,239,239,235,251,62,0,165,225,220,224,255,255,233,229,223,227,228,231,232,235,237,233,230,228,230,233,232,235,233,234,235,255,58,52,251,221,226,227,225,225,225,226,226,225,227,231,229,232,239,245,250,251,252,254,254,252,254,252,235,255,0,31,208,230,233,233,237,236,236,241,235,241,247,251,254,242,236,233,227,219,202,193,189,186,181,171,165,190,42,77,199,172,188,199,202,218,219,220,229,234,222,213,209,207,210,203,184,152,171,165,162,162,167,168,157,192,78,0,45,101,140,159,174,182,186,185,188,195,197,188,175,133,70,19,0,0,209,231,218,222,224,227,217,229,93,0,0,0,0,0,0,2,24,37,45,32,18,11,0,0,0,0,0,0,72,51,53,37,34,29,31,5,0,0,0,0,0,0,0,0,0,0,0,0,0,0,0,0,0,0,0,0,0,0,0,0,0,0,0,0,0,0,0,0,0,0,0,0,0,0,0,0,0,0,0,0,0,0,0,0,0,0,0,0,0,0,0,0,0,0,0,0,0,0,0,0,0,0,0,0,0,0,0,0,0,0,0,0,0,0,0,0,0,0,0,0,0,0,0,0,0,0,0,0,0,0,0,0,0,0,0,0,0,0,0,0,0,0,0,0,0,0,0,0,0,0,0,0,0,0,0,0,0,0,0,0,0,0,0,0,0,0,0,0,0,0,0,0,0,0,0,0,0
0,0,0,0,0,0,0,0,0,0,0,4,0,37,198,6,0,0,0,0,0,0,0,0,0,0,0,0,0,0,0,0,0,0,0,0,0,0,2,0,8,98,41,113,0,2,0,0,0,0,0,0,0,0,0,0,0,0,0,0,0,0,0,0,0,0,2,0,76,82,0,202,0,0,0,0,0,0,0,0,0,0,0,0,0,0,0,0,0,0,0,0,0,0,4,0,139,43,0,193,32,0,2,0,0,0,0,0,0,0,0,0,0,0,0,0,0,0,0,0,0,0,0,0,172,0,0,111,82,0,2,0,0,0,0,0,0,0,0,0,0,0,0,0,0,0,0,0,0,4,0,61,139,0,0,43,115,0,4,0,0,0,2,0,0,0,0,0,0,0,0,0,0,0,0,0,0,6,0,143,82,0,0,0,122,0,2,4,0,2,0,0,0,0,0,0,0,0,0,0,0,0,0,0,0,0,0,198,8,0,0,0,108,39,0,4,0,0,0,0,0,0,0,0,0,0,0,0,0,0,0,0,0,0,43,202,0,0,2,0,93,98,0,2,2,0,0,0,0,0,0,0,0,0,0,0,0,0,0,0,0,0,135,143,0,2,0,0,52,148,0,0,0,0,2,0,2,0,0,0,0,0,0,0,0,0,0,0,0,0,211,21,0,0,0,0,2,187,0,0,0,0,0,0,0,0,0,0,0,0,0,50,58,71,63,58,17,176,254,41,65,43,30,17,32,154,23,34,41,50,58,78,32,0,0,0,0,0,0,82,106,95,87,80,58,187,209,106,74,82,76,87,76,141,91,65,80,89,91,122,61,0,0,0,0,0,0,63,89,65,61,74,34,161,189,65,61,67,63,71,74,119,100,76,84,78,71,111,56,0,0,0,0,0,0,63,89,74,74,84,50,146,128,91,78,71,65,65,50,143,135,58,87,80,74,102,65,0,0,0,0,0,0,71,113,87,89,91,56,128,161,130,67,69,76,87,78,98,106,80,104,106,100,104,54,0,0,0,0,0,0,50,95,78,84,89,84,67,189,163,56,65,78,80,91,78,80,78,82,93,87,108,45,0,0,0,0,0,0,54,108,87,84,93,76,89,220,196,106,82,91,89,93,91,91,84,89,91,76,102,39,0,0,0,0,0,0,43,115,91,91,102,82,91,215,207,128,87,102,95,95,91,91,98,82,82,87,104,32,0,0,0,0,0,0,28,100,93,93,106,87,95,213,217,150,89,102,93,100,98,100,95,93,82,76,102,43,0,0,0,0,0,0,63,115,108,98,108,91,132,228,220,183,108,104,113,111,106,102,104,102,87,80,84,47,0,0,0,0,0,0,91,185,154,150,148,126,156,204,217,180,137,139,141,137,130,150,146,139,139,124,119,65,0,0,0,0,0,0,67,172,137,143,139,135,135,165,150,119,139,132,128,135,130,126,128,137,119,113,137,74,0,0,0,0,0,0,61,143,119,117,122,122,135,163,156,135,137,143,139,137,143,130,135,141,128,130,135,82,0,0,0,0,0,0,39,150,119,122,124,137,150,143,154,139,132,143,143,143,152,152,156,159,148,148,165,41,0,0,0,0,0,0,0,150,161,128,128,128,139,143,141,143,143,141,139,139,148,150,146,150,143,154,163,0,0,0,0,0,0,0,0,32,154,167,156,159,148,150,154,163,169,169,169,167,161,159,152,165,169,146,23,0,0,0,0,0,0,0,0,0,2,67,91,130,130,137,143,143,124,111,104,106,106,111,126,115,93,0,0,0,0,0,0
0,0,0,0,0,0,0,0,0,0,0,0,0,0,0,0,0,0,0,0,0,0,0,0,0,0,0,0,0,0,0,0,0,0,0,0,0,0,0,0,0,0,0,0,0,0,0,0,0,0,0,0,0,0,0,0,0,0,0,0,0,0,0,0,0,0,0,0,0,0,0,0,0,0,0,0,0,0,0,0,0,0,0,0,0,0,0,0,0,0,0,0,0,0,0,0,0,0,0,0,0,0,0,0,0,0,0,0,0,0,0,0,0,0,0,0,0,0,0,0,0,0,0,0,0,0,0,0,0,0,0,0,0,0,0,0,0,0,0,0,0,0,0,0,0,0,0,0,0,0,0,0,0,0,0,0,0,0,0,0,0,0,0,0,0,0,0,0,0,0,0,0,0,0,0,0,0,0,0,0,0,0,0,0,0,0,0,0,0,0,0,0,0,0,0,0,0,0,0,0,0,0,0,0,0,0,0,0,0,1,0,0,0,49,135,182,150,59,0,0,0,0,0,0,0,0,0,0,0,0,0,0,0,0,0,0,0,0,0,0,78,255,220,212,219,255,246,191,155,87,0,0,0,0,0,0,0,0,0,0,0,0,0,0,1,0,0,57,206,215,203,191,203,212,216,217,220,211,15,0,0,0,0,0,0,0,0,0,0,0,1,0,0,0,58,231,220,210,199,209,218,218,217,208,200,215,56,0,0,0,0,0,1,2,0,0,4,0,0,0,0,145,213,207,199,187,203,210,216,217,215,215,206,215,130,0,0,0,0,0,1,2,4,0,0,0,3,105,225,205,190,201,210,214,213,215,215,212,211,208,205,207,218,0,1,5,7,0,0,0,0,0,52,162,217,189,174,157,187,198,202,217,220,223,224,222,217,211,217,201,247,65,0,0,0,0,0,0,21,72,185,189,171,171,185,203,200,207,208,209,214,219,222,222,224,215,218,211,212,148,0,70,114,129,145,159,179,196,172,176,185,196,199,206,201,210,212,213,216,218,219,217,212,207,208,200,198,173,0,122,158,184,194,192,193,196,203,209,211,211,215,218,221,222,226,227,227,226,226,223,222,216,211,208,216,185,21,0,0,12,48,82,123,152,170,184,195,211,225,232,233,237,242,242,240,240,238,236,222,209,200,193,185,106,26,47,54,18,5,0,0,0,0,0,0,0,0,0,2,4,6,9,9,8,9,6,6,4,2,0,0,0,0,10,27,45,55,59,57,50,44,51,58,62,65,56,54,57,59,61,60,63,68,67,66,73,77,74,65,39,0,0,0,0,4,9,18,23,26,25,23,25,29,37,38,37,39,36,29,31,33,34,28,24,20,14,7,0,0,0,0,0,0,0,0,0,0,0,0,0,0,0,0,0,0,0,0,0,0,0,0,0,0,0,0,0,0,0,0,0,0,0,0,0,0,0,0,0,0,0,0,0,0,0,0,0,0,0,0,0,0,0,0,0,0,0,0,0,0,0,0,0,0,0,0,0,0,0,0,0,0,0,0,0,0,0,0,0,0,0,0,0,0,0,0,0,0,0,0,0,0,0,0,0,0,0,0,0,0,0,0,0,0,0,0,0,0,0,0,0,0,0,0,0,0,0,0,0,0,0,0,0,0,0,0,0,0,0,0,0,0,0,0,0,0,0,0,0,0,0,0,0,0,0,0,0,0,0,0,0,0,0,0,0,0,0,0,0,0,0,0,0,0,0,0,0,0,0,0,0,0,0,0,0,0,0,0,0,0,0,0,0,0,0,0,0,0,0,0,0,0,0,0,0
0,0,1,1,0,1,0,0,0,0,34,95,0,0,0,0,52,70,0,0,0,2,1,0,1,0,0,0,0,0,0,1,1,0,0,11,59,111,113,182,169,226,255,188,175,162,105,85,31,0,0,0,1,0,0,0,0,0,1,0,0,27,89,127,127,115,101,86,81,95,91,88,78,92,115,136,139,126,73,1,0,0,0,0,0,0,0,0,49,117,113,95,94,97,98,102,101,98,91,97,104,97,101,92,95,111,128,82,1,0,0,0,0,0,0,18,118,102,92,92,92,89,94,92,86,85,88,94,92,92,95,99,95,98,89,126,24,0,0,0,0,0,0,59,127,102,95,94,97,91,86,91,92,88,86,89,91,99,102,101,98,94,99,121,57,0,0,0,0,0,0,95,118,107,98,89,84,86,86,86,89,89,85,85,92,92,89,89,88,97,107,111,97,0,0,0,0,0,0,111,126,123,111,102,102,94,91,88,89,91,86,86,95,97,91,98,104,102,111,102,111,0,0,0,0,0,0,108,107,117,146,169,111,105,91,91,88,84,88,91,92,94,105,97,136,162,104,97,114,0,0,0,0,0,1,118,104,114,169,130,85,86,82,85,85,85,86,88,88,92,92,94,95,155,104,104,123,5,0,0,0,0,4,126,97,120,92,63,104,82,86,86,84,81,82,82,82,89,84,99,65,89,130,92,120,27,0,0,0,0,10,123,95,121,66,52,117,78,86,84,76,86,88,84,84,85,81,113,55,47,149,94,124,37,0,0,0,0,14,121,98,136,70,7,140,79,88,92,81,97,85,85,91,85,79,130,27,24,160,98,127,43,0,0,0,0,20,115,91,149,46,0,130,88,88,105,89,89,85,94,99,92,82,123,8,15,160,111,121,43,0,0,0,0,31,118,89,140,13,0,113,105,97,91,94,88,94,92,97,95,89,128,4,0,159,118,121,39,0,0,0,0,42,120,86,133,4,0,110,113,101,92,89,91,89,97,94,97,89,131,0,0,155,117,126,55,0,0,0,0,55,104,86,117,1,0,127,111,92,97,94,84,98,92,95,101,92,130,2,0,134,104,114,68,0,0,0,0,70,104,97,105,0,0,130,105,95,97,95,89,97,95,92,99,98,124,11,0,113,101,108,66,0,0,0,0,76,110,99,115,0,1,131,104,98,95,98,94,95,98,91,97,102,120,11,0,91,118,114,68,0,0,0,0,65,115,99,114,0,15,139,102,97,92,95,95,94,98,94,97,102,124,14,0,79,126,118,63,0,0,0,0,49,118,105,97,0,31,139,98,102,102,101,98,101,101,101,95,94,131,39,0,82,118,118,52,0,0,0,0,43,113,108,91,0,63,137,89,101,102,107,105,107,107,104,102,91,120,55,0,82,124,118,47,0,0,0,0,43,118,114,89,0,97,121,95,102,104,107,104,104,104,97,104,95,111,68,0,79,123,115,44,0,0,0,0,42,120,118,69,0,114,111,104,104,105,108,108,108,108,102,105,104,123,92,0,75,130,124,46,0,0,0,0,44,120,117,63,0,149,124,120,120,121,124,121,118,118,117,120,115,123,117,0,69,117,123,49,0,0,0,0,50,117,117,69,1,149,136,131,134,134,136,131,130,131,131,137,133,143,147,0,75,124,117,50,0,0,0,0,65,156,150,73,0,1,0,1,2,2,2,2,2,2,2,1,2,4,8,0,81,134,131,63,0,0,0,0,14,50,33,10,0,0,0,0,0,0,0,0,0,0,0,0,0,0,0,0,20,55,59,17,0,0
0,0,0,0,0,0,0,0,0,13,147,119,122,120,123,148,143,135,159,13,0,0,0,0,0,0,0,0,0,0,0,0,0,0,0,0,0,113,255,255,255,255,252,255,255,250,255,96,0,0,0,0,0,0,0,0,0,0,0,0,0,0,0,0,0,126,253,215,226,230,232,235,225,217,250,113,0,0,0,0,0,0,0,0,0,0,0,0,0,0,0,0,0,162,253,229,236,237,227,233,239,229,252,152,0,0,0,0,0,0,0,0,0,0,0,0,0,0,0,0,0,200,244,231,235,238,229,233,231,228,245,178,0,0,0,0,0,0,0,0,0,0,0,0,0,0,0,0,0,222,232,229,234,234,237,236,236,233,240,197,0,0,0,0,0,0,0,0,0,0,0,0,0,0,0,0,0,214,228,229,230,244,245,248,233,232,228,191,0,0,0,0,0,0,0,0,0,0,0,0,0,0,0,0,0,212,227,222,231,238,15,247,237,223,217,184,0,0,0,0,0,0,0,0,0,0,0,0,0,0,0,0,0,196,227,216,235,241,0,254,238,227,209,170,0,0,0,0,0,0,0,0,0,0,0,0,0,0,0,0,0,174,242,217,236,235,0,253,245,226,229,166,0,0,0,0,0,0,0,0,0,0,0,0,0,0,0,0,0,134,253,215,242,225,0,227,254,226,248,131,0,0,0,0,0,0,0,0,0,0,0,0,0,0,0,0,0,90,255,218,245,201,0,210,254,223,254,94,0,0,0,0,0,0,0,0,0,0,0,0,0,0,0,0,0,41,255,214,250,180,0,191,240,214,254,47,0,0,0,0,0,0,0,0,0,0,0,0,0,0,0,0,0,0,250,208,234,181,0,185,239,209,248,0,0,0,0,0,0,0,0,0,0,0,0,0,0,0,0,0,0,0,214,207,231,193,0,186,235,209,208,0,0,0,0,0,0,0,0,0,0,0,0,0,0,0,0,0,0,0,165,212,228,203,0,176,233,208,157,0,0,0,0,0,0,0,0,0,0,0,0,0,0,0,0,0,0,0,153,216,228,206,0,170,238,206,144,0,0,0,0,0,0,0,0,0,0,0,0,0,0,0,0,0,0,0,152,226,233,200,0,164,243,215,147,0,0,0,0,0,0,0,0,0,0,0,0,0,0,0,0,0,0,0,162,236,241,144,0,121,244,230,159,0,0,0,0,0,0,0,0,0,0,0,0,0,0,0,0,0,0,0,191,241,241,86,0,74,243,235,187,0,0,0,0,0,0,0,0,0,0,0,0,0,0,0,0,0,0,0,222,239,240,59,0,31,239,235,224,0,0,0,0,0,0,0,0,0,0,0,0,0,0,0,0,0,0,0,231,238,241,54,0,24,238,234,236,0,0,0,0,0,0,0,0,0,0,0,0,0,0,0,0,0,0,0,220,241,239,53,0,27,239,238,228,0,0,0,0,0,0,0,0,0,0,0,0,0,0,0,0,0,0,0,194,245,234,16,0,3,234,244,197,0,0,0,0,0,0,0,0,0,0,0,0,0,0,0,0,0,0,0,170,249,224,0,0,0,222,253,167,0,0,0,0,0,0,0,0,0,0,0,0,0,0,0,0,0,0,0,136,249,212,0,0,0,205,254,126,0,0,0,0,0,0,0,0,0,0,0,0,0,0,0,0,0,0,0,148,255,223,0,0,0,216,255,142,0,0,0,0,0,0,0,0,0,0,0,0,0,0,0,0,0,0,0,41,173,93,0,0,0,82,176,55,0,0,0,0,0,0,0,0,0
0,0,0,0,0,0,0,2,3,0,0,24,223,220,222,206,69,0,0,3,2,0,0,0,0,0,0,0,0,0,0,0,0,0,4,0,0,0,0,163,255,248,247,255,212,0,0,0,0,4,0,0,0,0,0,0,0,0,0,0,1,0,0,0,82,198,255,232,229,249,249,236,227,248,180,102,0,0,0,0,0,0,0,0,0,0,0,0,0,0,83,213,238,235,223,223,234,240,236,224,224,234,239,242,214,71,0,0,0,0,0,0,0,0,0,0,0,7,230,227,214,220,221,224,233,229,224,238,225,222,222,217,227,238,30,0,0,0,0,0,0,0,0,0,0,120,239,217,220,222,222,217,219,226,222,223,222,225,226,222,218,239,162,0,0,0,0,0,0,0,0,0,0,164,239,223,218,222,221,224,225,229,223,225,222,223,223,224,219,239,203,0,0,0,0,0,0,0,0,0,0,187,239,229,222,224,226,227,227,227,222,231,230,223,222,223,223,242,218,0,0,0,0,0,0,0,0,0,0,212,238,233,225,224,223,223,222,227,222,218,218,228,224,223,232,240,230,0,0,0,0,0,0,0,0,0,0,235,235,234,225,222,222,223,223,229,223,220,219,224,225,219,238,233,249,0,0,0,0,0,0,0,0,0,0,249,237,235,223,226,224,224,224,229,223,227,227,225,225,219,240,230,253,0,0,0,0,0,0,0,0,0,0,253,240,240,221,224,224,225,226,227,224,226,223,227,224,219,241,226,254,9,0,0,0,0,0,0,0,0,22,253,234,244,224,223,223,224,223,229,225,226,222,223,224,219,248,223,253,48,0,0,0,0,0,0,0,0,64,253,231,247,222,221,223,223,224,227,222,224,221,222,223,221,251,223,253,85,0,0,0,0,0,0,0,0,103,253,228,254,236,221,223,224,223,227,223,225,222,223,222,225,254,227,253,111,0,0,0,0,0,0,0,0,132,252,231,251,214,230,221,224,225,228,225,227,223,221,226,218,250,234,252,132,0,0,0,0,0,0,0,0,154,247,239,225,155,246,216,225,228,227,224,225,223,219,238,189,195,246,247,151,0,0,0,0,0,0,0,0,173,237,254,178,126,253,216,225,227,226,223,225,222,219,243,182,137,255,231,167,0,0,0,0,0,0,0,0,187,225,255,143,130,253,214,225,227,228,225,226,224,220,240,200,75,255,229,177,0,0,0,0,0,0,0,0,199,223,255,106,173,250,215,226,226,227,224,225,222,220,238,212,29,255,227,189,0,0,0,0,0,0,0,0,201,223,255,37,200,241,219,226,225,227,225,226,223,221,232,222,33,255,224,194,0,0,0,0,0,0,0,0,201,223,255,18,212,236,221,226,224,227,226,227,224,222,222,243,60,255,225,192,0,0,0,0,0,0,0,0,198,225,255,43,226,229,224,227,223,231,224,225,227,223,218,252,60,250,229,183,0,0,0,0,0,0,0,0,163,232,255,52,238,225,227,223,219,234,225,223,224,226,215,252,64,244,230,172,0,0,0,0,0,0,0,0,118,238,223,47,244,220,223,218,223,237,223,224,220,224,218,252,34,233,238,157,0,0,0,0,0,0,0,0,112,236,219,36,255,219,218,220,227,232,217,225,220,218,216,253,0,209,237,163,0,0,0,0,0,0,0,0,141,252,240,0,134,255,233,232,248,252,238,236,248,229,241,218,0,255,252,170,0,0,0,0,0,0,0,0,26,128,107,0,0,29,111,154,178,187,195,190,186,168,126,0,0,67,109,21,0,0,0,0
0,0,0,0,0,0,0,0,0,0,0,0,0,0,0,0,0,0,0,0,0,0,0,0,0,0,0,0,0,0,0,0,0,0,0,0,0,0,0,0,0,0,0,0,0,0,0,0,0,0,0,0,0,0,0,0,0,0,0,0,0,0,0,0,0,0,0,0,0,0,0,0,0,0,0,0,0,0,0,0,0,0,0,0,0,0,0,0,0,0,0,0,0,0,0,0,1,0,0,13,73,0,0,1,4,0,0,0,0,1,1,0,0,0,0,0,0,0,0,0,0,0,0,0,3,0,36,136,127,62,54,0,0,0,1,3,4,0,0,3,0,0,0,0,0,0,0,0,0,0,0,0,6,0,102,204,176,134,144,123,23,0,0,0,0,12,10,0,0,0,0,0,0,0,0,0,0,0,0,0,0,0,155,236,207,178,107,156,161,109,64,23,77,130,72,15,0,0,0,0,0,0,0,0,0,0,0,1,0,69,207,223,218,216,216,163,127,121,122,146,141,88,172,66,0,0,0,0,0,0,0,0,0,1,1,1,0,200,232,232,233,229,223,223,215,213,164,127,123,196,229,0,0,0,0,0,0,0,0,0,0,0,0,0,0,183,225,216,223,228,235,227,224,222,224,221,223,245,173,0,0,0,0,0,0,0,0,0,0,0,0,0,0,193,228,218,213,198,180,212,210,211,213,223,220,243,202,0,0,0,0,0,0,0,0,0,0,1,3,0,12,219,220,212,218,192,169,227,208,218,224,212,226,197,209,52,0,0,0,0,0,0,0,0,0,0,6,0,99,244,222,220,218,203,198,221,215,213,222,220,245,119,167,56,0,0,0,0,0,0,0,0,0,4,0,0,55,236,228,230,228,240,232,213,218,223,234,217,217,209,92,0,0,0,1,4,6,7,2,0,0,0,0,0,237,226,217,223,222,219,222,221,216,223,229,215,218,255,77,0,0,3,0,0,0,0,0,0,0,62,145,204,228,207,213,221,218,208,211,218,224,223,219,215,224,244,159,0,0,0,0,0,18,44,82,107,189,228,220,222,217,226,200,205,211,230,224,234,176,188,250,248,233,238,215,0,0,57,187,208,224,221,224,208,204,214,208,209,200,159,245,193,206,223,255,255,221,234,221,211,220,232,246,0,3,202,228,224,221,211,211,214,205,205,205,220,240,80,150,255,229,221,188,154,191,210,204,209,222,228,225,0,98,233,198,210,222,229,229,234,249,220,194,215,217,241,65,73,106,117,168,219,221,215,217,223,223,224,229,29,75,204,212,204,193,205,211,225,216,185,197,206,198,213,240,195,227,245,239,223,218,212,209,222,220,221,230,67,48,203,183,194,213,197,185,190,194,192,202,214,219,221,220,236,225,216,199,206,186,181,177,172,181,205,206,115,0,122,219,193,179,171,183,196,204,210,213,207,211,210,200,196,194,191,195,191,198,192,176,156,167,177,210,92,0,0,74,189,212,191,175,172,175,181,185,188,189,188,193,198,204,209,210,210,211,188,188,194,192,216,170,0,2,0,0,0,66,200,222,237,239,242,246,243,244,221,220,193,191,179,182,182,181,176,166,168,99,58,0,0,0,0,0,0,0,0,0,40,61,44,72,41,35,0,0,0,0,0,0,0,0,0,0,0,0,0,0,0,0,0,0,0,0,0,0,0,0,0,0,0,0,0,0,0,0,0,0,0,0,0,0,0,0,0,0,0,0,0,0,0,0,0,0,0,0,0,0,0,0,0,0,0,0,0,0,0,0,0,0,0,0,0,0,0
